Actual_Class,Fraud_Probability,Risk_Score,Risk_Category,Recommended_Action
0,0.0063844207,1,Low Risk,Auto Approve
0,0.01530371,2,Low Risk,Auto Approve
0,0.00023183537,0,Low Risk,Auto Approve
0,0.3220102,32,Medium Risk,Quick Verification
0,0.045533072,5,Low Risk,Auto Approve
0,0.5769412,58,High Risk,Manual Investigation
0,0.0010002976,0,Low Risk,Auto Approve
1,0.69341016,69,High Risk,Manual Investigation
0,0.0015655489,0,Low Risk,Auto Approve
0,0.007184357,1,Low Risk,Auto Approve
0,0.0061194655,1,Low Risk,Auto Approve
0,0.008194236,1,Low Risk,Auto Approve
0,0.0029543429,0,Low Risk,Auto Approve
0,0.0020092567,0,Low Risk,Auto Approve
0,0.0006760841,0,Low Risk,Auto Approve
0,0.004867235,0,Low Risk,Auto Approve
1,0.03799825,4,Low Risk,Auto Approve
0,0.75032717,75,High Risk,Manual Investigation
0,0.051271975,5,Low Risk,Auto Approve
0,0.56703126,57,High Risk,Manual Investigation
0,0.0005662183,0,Low Risk,Auto Approve
0,0.020461585,2,Low Risk,Auto Approve
0,0.10418973,10,Low Risk,Auto Approve
0,0.9337899,93,Critical Risk,Fraud Investigation Team
0,0.0013421017,0,Low Risk,Auto Approve
0,0.004097181,0,Low Risk,Auto Approve
0,0.028356887,3,Low Risk,Auto Approve
0,0.07997771,8,Low Risk,Auto Approve
0,0.00045412776,0,Low Risk,Auto Approve
0,0.6426323,64,High Risk,Manual Investigation
0,0.06701613,7,Low Risk,Auto Approve
0,0.08486286,8,Low Risk,Auto Approve
0,0.59070504,59,High Risk,Manual Investigation
0,0.1490843,15,Low Risk,Auto Approve
0,0.00012299082,0,Low Risk,Auto Approve
0,0.13663356,14,Low Risk,Auto Approve
0,0.5877979,59,High Risk,Manual Investigation
0,0.002286254,0,Low Risk,Auto Approve
0,0.0011168721,0,Low Risk,Auto Approve
0,0.124111064,12,Low Risk,Auto Approve
0,0.06499502,6,Low Risk,Auto Approve
0,0.041228145,4,Low Risk,Auto Approve
0,0.5854397,59,High Risk,Manual Investigation
0,0.777075,78,Critical Risk,Fraud Investigation Team
0,0.0012241767,0,Low Risk,Auto Approve
0,0.03332471,3,Low Risk,Auto Approve
0,8.618438e-05,0,Low Risk,Auto Approve
0,4.3088028e-05,0,Low Risk,Auto Approve
0,0.30908182,31,Medium Risk,Quick Verification
0,0.050530456,5,Low Risk,Auto Approve
0,0.85746485,86,Critical Risk,Fraud Investigation Team
1,0.8155206,82,Critical Risk,Fraud Investigation Team
0,0.3593344,36,Medium Risk,Quick Verification
0,0.6053364,61,High Risk,Manual Investigation
0,0.0005346284,0,Low Risk,Auto Approve
0,0.17631984,18,Low Risk,Auto Approve
0,0.016283693,2,Low Risk,Auto Approve
0,0.18159065,18,Low Risk,Auto Approve
0,0.0008960604,0,Low Risk,Auto Approve
0,0.49611792,50,Medium Risk,Quick Verification
0,0.0041364343,0,Low Risk,Auto Approve
0,0.6527056,65,High Risk,Manual Investigation
0,0.00043555457,0,Low Risk,Auto Approve
0,0.1575078,16,Low Risk,Auto Approve
0,0.0062835068,1,Low Risk,Auto Approve
0,0.60499346,60,High Risk,Manual Investigation
0,0.11980448,12,Low Risk,Auto Approve
0,0.21278656,21,Low Risk,Auto Approve
0,0.058975067,6,Low Risk,Auto Approve
0,0.6880744,69,High Risk,Manual Investigation
0,0.009520953,1,Low Risk,Auto Approve
0,0.35228878,35,Medium Risk,Quick Verification
0,0.003647593,0,Low Risk,Auto Approve
0,0.00014217607,0,Low Risk,Auto Approve
0,8.082801e-05,0,Low Risk,Auto Approve
0,0.041911863,4,Low Risk,Auto Approve
0,0.055044163,6,Low Risk,Auto Approve
0,0.00035922977,0,Low Risk,Auto Approve
0,0.20976713,21,Low Risk,Auto Approve
0,0.6806428,68,High Risk,Manual Investigation
0,0.74373317,74,High Risk,Manual Investigation
0,0.0029934081,0,Low Risk,Auto Approve
0,0.66622454,67,High Risk,Manual Investigation
0,0.13305397,13,Low Risk,Auto Approve
0,0.010762025,1,Low Risk,Auto Approve
0,0.001939376,0,Low Risk,Auto Approve
0,9.722625e-06,0,Low Risk,Auto Approve
0,0.36958838,37,Medium Risk,Quick Verification
0,0.0017580203,0,Low Risk,Auto Approve
0,0.047955774,5,Low Risk,Auto Approve
0,0.0030866195,0,Low Risk,Auto Approve
0,0.0033880647,0,Low Risk,Auto Approve
0,0.7402341,74,High Risk,Manual Investigation
0,0.031145427,3,Low Risk,Auto Approve
0,0.035493243,4,Low Risk,Auto Approve
0,0.009786699,1,Low Risk,Auto Approve
1,0.03728719,4,Low Risk,Auto Approve
0,0.0013500146,0,Low Risk,Auto Approve
0,0.0011088976,0,Low Risk,Auto Approve
0,0.92558086,93,Critical Risk,Fraud Investigation Team
0,0.61453736,61,High Risk,Manual Investigation
0,0.01436704,1,Low Risk,Auto Approve
0,0.45824984,46,Medium Risk,Quick Verification
0,0.1200361,12,Low Risk,Auto Approve
0,0.044214193,4,Low Risk,Auto Approve
0,0.0010883289,0,Low Risk,Auto Approve
0,0.8667296,87,Critical Risk,Fraud Investigation Team
0,0.77819157,78,Critical Risk,Fraud Investigation Team
1,0.18125962,18,Low Risk,Auto Approve
0,0.44062787,44,Medium Risk,Quick Verification
0,0.0012806254,0,Low Risk,Auto Approve
0,0.013122222,1,Low Risk,Auto Approve
0,0.69367516,69,High Risk,Manual Investigation
0,0.2328146,23,Low Risk,Auto Approve
0,3.6428617e-05,0,Low Risk,Auto Approve
0,0.00056246243,0,Low Risk,Auto Approve
0,0.51969296,52,High Risk,Manual Investigation
0,0.0013736835,0,Low Risk,Auto Approve
0,8.670354e-05,0,Low Risk,Auto Approve
0,0.13179556,13,Low Risk,Auto Approve
0,0.0030566717,0,Low Risk,Auto Approve
0,0.15888056,16,Low Risk,Auto Approve
0,0.007978501,1,Low Risk,Auto Approve
0,0.000102286685,0,Low Risk,Auto Approve
0,0.43409705,43,Medium Risk,Quick Verification
0,0.00071491965,0,Low Risk,Auto Approve
1,0.15055369,15,Low Risk,Auto Approve
0,0.00011871618,0,Low Risk,Auto Approve
0,0.754538,75,High Risk,Manual Investigation
0,0.5461043,55,High Risk,Manual Investigation
0,0.047548685,5,Low Risk,Auto Approve
0,0.006131783,1,Low Risk,Auto Approve
1,0.8411114,84,Critical Risk,Fraud Investigation Team
0,0.0044200043,0,Low Risk,Auto Approve
0,0.00041485042,0,Low Risk,Auto Approve
0,0.045374885,5,Low Risk,Auto Approve
0,0.00036853904,0,Low Risk,Auto Approve
0,0.2946409,29,Medium Risk,Quick Verification
0,0.00047367753,0,Low Risk,Auto Approve
0,0.002583944,0,Low Risk,Auto Approve
0,0.73637027,74,High Risk,Manual Investigation
0,0.0010227243,0,Low Risk,Auto Approve
0,0.038733985,4,Low Risk,Auto Approve
0,0.0016543476,0,Low Risk,Auto Approve
0,0.1885167,19,Low Risk,Auto Approve
0,6.430801e-05,0,Low Risk,Auto Approve
0,0.00017470484,0,Low Risk,Auto Approve
0,0.008558974,1,Low Risk,Auto Approve
0,0.00828056,1,Low Risk,Auto Approve
0,3.4719375e-05,0,Low Risk,Auto Approve
0,0.02114051,2,Low Risk,Auto Approve
0,0.74947566,75,High Risk,Manual Investigation
0,0.7535323,75,High Risk,Manual Investigation
0,0.0020402002,0,Low Risk,Auto Approve
0,0.09700664,10,Low Risk,Auto Approve
0,0.894772,89,Critical Risk,Fraud Investigation Team
1,0.8735067,87,Critical Risk,Fraud Investigation Team
1,0.5713567,57,High Risk,Manual Investigation
0,0.18371113,18,Low Risk,Auto Approve
0,0.18887413,19,Low Risk,Auto Approve
0,2.9130852e-05,0,Low Risk,Auto Approve
0,0.09849934,10,Low Risk,Auto Approve
0,0.016524317,2,Low Risk,Auto Approve
0,0.0026984005,0,Low Risk,Auto Approve
0,0.0004316566,0,Low Risk,Auto Approve
0,0.0010035723,0,Low Risk,Auto Approve
1,0.9653378,97,Critical Risk,Fraud Investigation Team
0,0.0019652804,0,Low Risk,Auto Approve
0,0.0021849493,0,Low Risk,Auto Approve
0,0.0036181326,0,Low Risk,Auto Approve
0,0.111968026,11,Low Risk,Auto Approve
0,0.010298235,1,Low Risk,Auto Approve
0,0.009479922,1,Low Risk,Auto Approve
0,0.006079977,1,Low Risk,Auto Approve
0,0.9229071,92,Critical Risk,Fraud Investigation Team
0,0.78627354,79,Critical Risk,Fraud Investigation Team
0,0.23716798,24,Low Risk,Auto Approve
1,0.60582536,61,High Risk,Manual Investigation
0,0.024603812,2,Low Risk,Auto Approve
0,0.014695091,1,Low Risk,Auto Approve
0,0.4467827,45,Medium Risk,Quick Verification
0,0.0012661441,0,Low Risk,Auto Approve
1,0.85333705,85,Critical Risk,Fraud Investigation Team
0,0.45904478,46,Medium Risk,Quick Verification
0,0.008958565,1,Low Risk,Auto Approve
0,0.35280886,35,Medium Risk,Quick Verification
1,0.2674244,27,Medium Risk,Quick Verification
0,0.600988,60,High Risk,Manual Investigation
0,0.73332196,73,High Risk,Manual Investigation
0,0.23499718,23,Low Risk,Auto Approve
0,0.93295544,93,Critical Risk,Fraud Investigation Team
0,0.8667726,87,Critical Risk,Fraud Investigation Team
0,0.6338638,63,High Risk,Manual Investigation
0,0.0030399156,0,Low Risk,Auto Approve
0,0.18675172,19,Low Risk,Auto Approve
0,0.14445227,14,Low Risk,Auto Approve
0,0.0003145429,0,Low Risk,Auto Approve
0,0.66327447,66,High Risk,Manual Investigation
1,0.71023273,71,High Risk,Manual Investigation
0,0.011595727,1,Low Risk,Auto Approve
0,0.012898532,1,Low Risk,Auto Approve
0,0.0074764225,1,Low Risk,Auto Approve
0,0.5512281,55,High Risk,Manual Investigation
0,0.18671827,19,Low Risk,Auto Approve
1,0.30521864,31,Medium Risk,Quick Verification
0,0.04198096,4,Low Risk,Auto Approve
0,0.051154345,5,Low Risk,Auto Approve
0,0.03318816,3,Low Risk,Auto Approve
0,0.7425091,74,High Risk,Manual Investigation
0,1.1358235e-05,0,Low Risk,Auto Approve
1,0.6434233,64,High Risk,Manual Investigation
0,0.002027504,0,Low Risk,Auto Approve
0,0.00095638045,0,Low Risk,Auto Approve
0,0.015131438,2,Low Risk,Auto Approve
0,0.00022767136,0,Low Risk,Auto Approve
0,0.020634778,2,Low Risk,Auto Approve
0,0.0057681985,1,Low Risk,Auto Approve
0,0.56811434,57,High Risk,Manual Investigation
0,0.006853099,1,Low Risk,Auto Approve
0,0.181873,18,Low Risk,Auto Approve
0,0.0005934988,0,Low Risk,Auto Approve
0,0.29318884,29,Medium Risk,Quick Verification
0,0.84751976,85,Critical Risk,Fraud Investigation Team
0,0.47752956,48,Medium Risk,Quick Verification
0,0.0018076479,0,Low Risk,Auto Approve
0,0.69554305,70,High Risk,Manual Investigation
0,0.5420629,54,High Risk,Manual Investigation
0,0.7677487,77,Critical Risk,Fraud Investigation Team
1,0.3393926,34,Medium Risk,Quick Verification
0,0.0264048,3,Low Risk,Auto Approve
0,0.4167592,42,Medium Risk,Quick Verification
0,0.8518256,85,Critical Risk,Fraud Investigation Team
0,0.0439576,4,Low Risk,Auto Approve
0,0.044449575,4,Low Risk,Auto Approve
0,0.00031426176,0,Low Risk,Auto Approve
0,0.00061091507,0,Low Risk,Auto Approve
0,0.14342451,14,Low Risk,Auto Approve
0,0.0759841,8,Low Risk,Auto Approve
0,0.0019554351,0,Low Risk,Auto Approve
0,0.0035078044,0,Low Risk,Auto Approve
0,0.0010750459,0,Low Risk,Auto Approve
0,0.000596066,0,Low Risk,Auto Approve
0,0.06322431,6,Low Risk,Auto Approve
0,0.001140608,0,Low Risk,Auto Approve
0,0.549166,55,High Risk,Manual Investigation
0,0.08992193,9,Low Risk,Auto Approve
0,0.013497888,1,Low Risk,Auto Approve
0,0.066529684,7,Low Risk,Auto Approve
0,0.6623825,66,High Risk,Manual Investigation
0,0.5646966,56,High Risk,Manual Investigation
0,0.25705102,26,Medium Risk,Quick Verification
0,0.0022950384,0,Low Risk,Auto Approve
0,0.009513342,1,Low Risk,Auto Approve
0,0.15953213,16,Low Risk,Auto Approve
0,0.63674784,64,High Risk,Manual Investigation
1,0.7515951,75,High Risk,Manual Investigation
1,0.83559054,84,Critical Risk,Fraud Investigation Team
0,0.0027526245,0,Low Risk,Auto Approve
0,0.0010615618,0,Low Risk,Auto Approve
0,0.00952285,1,Low Risk,Auto Approve
0,0.0023178393,0,Low Risk,Auto Approve
0,0.50968826,51,High Risk,Manual Investigation
0,0.3997421,40,Medium Risk,Quick Verification
0,0.37475246,37,Medium Risk,Quick Verification
0,0.0058099306,1,Low Risk,Auto Approve
0,0.0014338365,0,Low Risk,Auto Approve
0,0.004430096,0,Low Risk,Auto Approve
0,0.08543287,9,Low Risk,Auto Approve
0,0.006698312,1,Low Risk,Auto Approve
1,0.84881467,85,Critical Risk,Fraud Investigation Team
0,0.27947083,28,Medium Risk,Quick Verification
0,0.006668145,1,Low Risk,Auto Approve
0,0.0011265336,0,Low Risk,Auto Approve
0,0.0061540306,1,Low Risk,Auto Approve
0,0.008242352,1,Low Risk,Auto Approve
1,0.41504914,42,Medium Risk,Quick Verification
0,0.016778244,2,Low Risk,Auto Approve
0,0.6740215,67,High Risk,Manual Investigation
0,0.5562628,56,High Risk,Manual Investigation
0,0.052342538,5,Low Risk,Auto Approve
0,0.043584518,4,Low Risk,Auto Approve
0,0.0008452285,0,Low Risk,Auto Approve
0,0.118638374,12,Low Risk,Auto Approve
0,0.0012662569,0,Low Risk,Auto Approve
0,0.24046367,24,Low Risk,Auto Approve
0,0.0006874914,0,Low Risk,Auto Approve
0,0.6726969,67,High Risk,Manual Investigation
0,0.0025234004,0,Low Risk,Auto Approve
1,0.7960272,80,Critical Risk,Fraud Investigation Team
0,0.015323664,2,Low Risk,Auto Approve
1,0.40463012,40,Medium Risk,Quick Verification
0,0.034286793,3,Low Risk,Auto Approve
0,0.49908817,50,Medium Risk,Quick Verification
0,0.058167636,6,Low Risk,Auto Approve
0,0.23912553,24,Low Risk,Auto Approve
0,0.78903556,79,Critical Risk,Fraud Investigation Team
0,0.0007874693,0,Low Risk,Auto Approve
0,0.15563896,16,Low Risk,Auto Approve
0,0.033500478,3,Low Risk,Auto Approve
0,0.7403553,74,High Risk,Manual Investigation
0,0.009939886,1,Low Risk,Auto Approve
0,0.0069407574,1,Low Risk,Auto Approve
0,0.6818619,68,High Risk,Manual Investigation
0,0.07067827,7,Low Risk,Auto Approve
1,0.9722234,97,Critical Risk,Fraud Investigation Team
0,0.028675638,3,Low Risk,Auto Approve
0,0.4191308,42,Medium Risk,Quick Verification
0,0.0021084133,0,Low Risk,Auto Approve
0,0.004488615,0,Low Risk,Auto Approve
0,0.48357,48,Medium Risk,Quick Verification
0,0.041334398,4,Low Risk,Auto Approve
1,0.646944,65,High Risk,Manual Investigation
0,0.61422867,61,High Risk,Manual Investigation
0,0.012169024,1,Low Risk,Auto Approve
0,0.033571146,3,Low Risk,Auto Approve
0,0.45669797,46,Medium Risk,Quick Verification
0,0.03840445,4,Low Risk,Auto Approve
0,0.18451734,18,Low Risk,Auto Approve
0,0.007889211,1,Low Risk,Auto Approve
0,0.51142246,51,High Risk,Manual Investigation
0,6.8412235e-05,0,Low Risk,Auto Approve
1,0.4433945,44,Medium Risk,Quick Verification
0,0.019245852,2,Low Risk,Auto Approve
0,0.33335176,33,Medium Risk,Quick Verification
0,0.28931314,29,Medium Risk,Quick Verification
0,0.34791684,35,Medium Risk,Quick Verification
0,0.7461075,75,High Risk,Manual Investigation
0,0.70766836,71,High Risk,Manual Investigation
0,8.305071e-05,0,Low Risk,Auto Approve
0,0.6688024,67,High Risk,Manual Investigation
0,0.8116856,81,Critical Risk,Fraud Investigation Team
0,0.026137242,3,Low Risk,Auto Approve
0,0.024597729,2,Low Risk,Auto Approve
0,0.12294647,12,Low Risk,Auto Approve
0,0.0032582055,0,Low Risk,Auto Approve
0,0.22204213,22,Low Risk,Auto Approve
1,0.25857016,26,Medium Risk,Quick Verification
0,0.00919283,1,Low Risk,Auto Approve
0,0.006568361,1,Low Risk,Auto Approve
0,0.051810402,5,Low Risk,Auto Approve
0,0.0025904435,0,Low Risk,Auto Approve
0,0.7319166,73,High Risk,Manual Investigation
0,0.001238,0,Low Risk,Auto Approve
0,0.957221,96,Critical Risk,Fraud Investigation Team
0,0.07511546,8,Low Risk,Auto Approve
0,0.06775715,7,Low Risk,Auto Approve
0,0.00468761,0,Low Risk,Auto Approve
0,0.073790334,7,Low Risk,Auto Approve
0,0.0016159789,0,Low Risk,Auto Approve
0,0.0058570975,1,Low Risk,Auto Approve
0,0.00031513814,0,Low Risk,Auto Approve
0,0.08862999,9,Low Risk,Auto Approve
0,0.0062321746,1,Low Risk,Auto Approve
0,0.070084214,7,Low Risk,Auto Approve
0,0.007999641,1,Low Risk,Auto Approve
0,0.004732381,0,Low Risk,Auto Approve
0,0.45202717,45,Medium Risk,Quick Verification
0,0.64230424,64,High Risk,Manual Investigation
0,0.17068858,17,Low Risk,Auto Approve
1,0.3823602,38,Medium Risk,Quick Verification
0,0.008938056,1,Low Risk,Auto Approve
0,0.09559813,10,Low Risk,Auto Approve
0,0.42104214,42,Medium Risk,Quick Verification
0,0.0043180035,0,Low Risk,Auto Approve
0,0.0020951969,0,Low Risk,Auto Approve
0,0.085048035,9,Low Risk,Auto Approve
0,0.42795056,43,Medium Risk,Quick Verification
0,0.28622606,29,Medium Risk,Quick Verification
0,0.353414,35,Medium Risk,Quick Verification
0,0.0013732002,0,Low Risk,Auto Approve
0,0.000986292,0,Low Risk,Auto Approve
0,0.27294713,27,Medium Risk,Quick Verification
0,0.0008811799,0,Low Risk,Auto Approve
0,0.00085473154,0,Low Risk,Auto Approve
0,0.012237304,1,Low Risk,Auto Approve
0,0.64169246,64,High Risk,Manual Investigation
0,0.013543585,1,Low Risk,Auto Approve
0,0.7588008,76,Critical Risk,Fraud Investigation Team
0,0.018920276,2,Low Risk,Auto Approve
0,0.0002288885,0,Low Risk,Auto Approve
0,0.065452054,7,Low Risk,Auto Approve
0,0.31699812,32,Medium Risk,Quick Verification
0,0.0001677418,0,Low Risk,Auto Approve
0,0.0009175014,0,Low Risk,Auto Approve
0,4.437805e-05,0,Low Risk,Auto Approve
0,0.16501644,17,Low Risk,Auto Approve
0,0.042393547,4,Low Risk,Auto Approve
0,0.05929097,6,Low Risk,Auto Approve
0,0.059540022,6,Low Risk,Auto Approve
0,0.14329596,14,Low Risk,Auto Approve
0,0.024997648,2,Low Risk,Auto Approve
0,0.0020727592,0,Low Risk,Auto Approve
0,0.00095982826,0,Low Risk,Auto Approve
0,0.00042155842,0,Low Risk,Auto Approve
0,0.0019735517,0,Low Risk,Auto Approve
0,0.0030513913,0,Low Risk,Auto Approve
0,0.46016455,46,Medium Risk,Quick Verification
0,0.00026696027,0,Low Risk,Auto Approve
0,0.0013747384,0,Low Risk,Auto Approve
0,0.015691184,2,Low Risk,Auto Approve
0,0.3655325,37,Medium Risk,Quick Verification
0,0.854953,85,Critical Risk,Fraud Investigation Team
0,0.007234336,1,Low Risk,Auto Approve
1,0.06486286,6,Low Risk,Auto Approve
0,4.0152467e-05,0,Low Risk,Auto Approve
0,0.0009705183,0,Low Risk,Auto Approve
0,0.0014625876,0,Low Risk,Auto Approve
0,0.0077648847,1,Low Risk,Auto Approve
0,8.564163e-05,0,Low Risk,Auto Approve
1,0.45226493,45,Medium Risk,Quick Verification
0,0.00010316368,0,Low Risk,Auto Approve
0,0.0026634713,0,Low Risk,Auto Approve
0,0.4310947,43,Medium Risk,Quick Verification
1,0.676855,68,High Risk,Manual Investigation
0,0.002873703,0,Low Risk,Auto Approve
0,0.38619357,39,Medium Risk,Quick Verification
0,0.001737949,0,Low Risk,Auto Approve
0,0.00013317254,0,Low Risk,Auto Approve
0,0.002287146,0,Low Risk,Auto Approve
0,0.13695328,14,Low Risk,Auto Approve
0,0.12923063,13,Low Risk,Auto Approve
0,0.2329565,23,Low Risk,Auto Approve
1,0.53602153,54,High Risk,Manual Investigation
1,0.2882457,29,Medium Risk,Quick Verification
0,0.27369857,27,Medium Risk,Quick Verification
0,0.0021144485,0,Low Risk,Auto Approve
0,0.019141546,2,Low Risk,Auto Approve
0,0.0036511645,0,Low Risk,Auto Approve
0,0.031205636,3,Low Risk,Auto Approve
0,0.0025676053,0,Low Risk,Auto Approve
0,0.0034005886,0,Low Risk,Auto Approve
0,0.0010529076,0,Low Risk,Auto Approve
0,0.6460272,65,High Risk,Manual Investigation
0,0.00036688603,0,Low Risk,Auto Approve
0,0.122808926,12,Low Risk,Auto Approve
0,0.0045466553,0,Low Risk,Auto Approve
0,0.23288463,23,Low Risk,Auto Approve
0,0.6493547,65,High Risk,Manual Investigation
0,0.086392306,9,Low Risk,Auto Approve
0,0.0012662924,0,Low Risk,Auto Approve
0,0.006152531,1,Low Risk,Auto Approve
0,0.0035635163,0,Low Risk,Auto Approve
0,0.12714954,13,Low Risk,Auto Approve
0,0.2950426,30,Medium Risk,Quick Verification
0,0.21540283,22,Low Risk,Auto Approve
0,0.035149194,4,Low Risk,Auto Approve
0,0.007262475,1,Low Risk,Auto Approve
0,0.5287798,53,High Risk,Manual Investigation
0,0.8472758,85,Critical Risk,Fraud Investigation Team
0,0.6626639,66,High Risk,Manual Investigation
0,0.005191163,1,Low Risk,Auto Approve
0,7.8486075e-05,0,Low Risk,Auto Approve
0,0.02691522,3,Low Risk,Auto Approve
0,0.000742831,0,Low Risk,Auto Approve
0,0.4522226,45,Medium Risk,Quick Verification
0,0.00031105708,0,Low Risk,Auto Approve
0,0.45455435,45,Medium Risk,Quick Verification
0,0.35856473,36,Medium Risk,Quick Verification
0,0.0026977898,0,Low Risk,Auto Approve
0,0.803576,80,Critical Risk,Fraud Investigation Team
0,0.046112053,5,Low Risk,Auto Approve
0,0.00078115874,0,Low Risk,Auto Approve
0,0.014627783,1,Low Risk,Auto Approve
0,0.0020772666,0,Low Risk,Auto Approve
0,0.043931846,4,Low Risk,Auto Approve
0,0.010335797,1,Low Risk,Auto Approve
0,0.03630884,4,Low Risk,Auto Approve
0,0.00053119747,0,Low Risk,Auto Approve
0,0.0014503194,0,Low Risk,Auto Approve
0,0.04396234,4,Low Risk,Auto Approve
0,0.06834394,7,Low Risk,Auto Approve
0,0.014784519,1,Low Risk,Auto Approve
0,0.003874489,0,Low Risk,Auto Approve
0,0.0034773913,0,Low Risk,Auto Approve
0,0.049562342,5,Low Risk,Auto Approve
0,0.0005618489,0,Low Risk,Auto Approve
0,0.29636464,30,Medium Risk,Quick Verification
0,0.0025517656,0,Low Risk,Auto Approve
0,0.021131268,2,Low Risk,Auto Approve
0,0.004269053,0,Low Risk,Auto Approve
0,0.6286513,63,High Risk,Manual Investigation
0,0.0010127751,0,Low Risk,Auto Approve
0,0.0060969065,1,Low Risk,Auto Approve
0,0.329658,33,Medium Risk,Quick Verification
0,0.09647477,10,Low Risk,Auto Approve
0,0.0034771184,0,Low Risk,Auto Approve
0,0.023566235,2,Low Risk,Auto Approve
0,0.111630395,11,Low Risk,Auto Approve
0,0.0013788214,0,Low Risk,Auto Approve
0,0.028322635,3,Low Risk,Auto Approve
0,0.49561647,50,Medium Risk,Quick Verification
0,0.015908869,2,Low Risk,Auto Approve
0,0.2694691,27,Medium Risk,Quick Verification
0,0.96112204,96,Critical Risk,Fraud Investigation Team
0,0.5880704,59,High Risk,Manual Investigation
0,0.017806299,2,Low Risk,Auto Approve
0,0.00038600527,0,Low Risk,Auto Approve
0,0.0035344432,0,Low Risk,Auto Approve
0,0.002634955,0,Low Risk,Auto Approve
0,0.14731894,15,Low Risk,Auto Approve
0,0.025483336,3,Low Risk,Auto Approve
0,0.01181621,1,Low Risk,Auto Approve
0,0.0038440737,0,Low Risk,Auto Approve
0,0.6591163,66,High Risk,Manual Investigation
1,0.81489706,81,Critical Risk,Fraud Investigation Team
0,0.91619986,92,Critical Risk,Fraud Investigation Team
0,0.83764386,84,Critical Risk,Fraud Investigation Team
0,0.0015151731,0,Low Risk,Auto Approve
0,0.0069832844,1,Low Risk,Auto Approve
0,0.0009771056,0,Low Risk,Auto Approve
0,0.00026614196,0,Low Risk,Auto Approve
0,0.028416004,3,Low Risk,Auto Approve
0,0.6404877,64,High Risk,Manual Investigation
0,0.18699889,19,Low Risk,Auto Approve
0,0.13621096,14,Low Risk,Auto Approve
0,0.044408347,4,Low Risk,Auto Approve
0,0.0009779857,0,Low Risk,Auto Approve
0,0.012547833,1,Low Risk,Auto Approve
0,0.00021821418,0,Low Risk,Auto Approve
0,0.19035354,19,Low Risk,Auto Approve
0,0.003149341,0,Low Risk,Auto Approve
0,0.0019116775,0,Low Risk,Auto Approve
0,0.13468926,13,Low Risk,Auto Approve
0,0.0021283936,0,Low Risk,Auto Approve
0,0.06324493,6,Low Risk,Auto Approve
0,0.18268602,18,Low Risk,Auto Approve
0,0.4370769,44,Medium Risk,Quick Verification
0,0.0006663894,0,Low Risk,Auto Approve
0,0.0057035754,1,Low Risk,Auto Approve
0,0.0056141852,1,Low Risk,Auto Approve
0,0.0039735697,0,Low Risk,Auto Approve
0,0.326486,33,Medium Risk,Quick Verification
0,0.00041641726,0,Low Risk,Auto Approve
0,0.72430676,72,High Risk,Manual Investigation
0,0.17254403,17,Low Risk,Auto Approve
1,0.0033125028,0,Low Risk,Auto Approve
0,0.006350643,1,Low Risk,Auto Approve
0,0.0017577173,0,Low Risk,Auto Approve
0,0.4951253,50,Medium Risk,Quick Verification
0,0.62575155,63,High Risk,Manual Investigation
1,0.8011468,80,Critical Risk,Fraud Investigation Team
0,0.00084658305,0,Low Risk,Auto Approve
0,0.31161055,31,Medium Risk,Quick Verification
0,0.5080326,51,High Risk,Manual Investigation
0,0.013278479,1,Low Risk,Auto Approve
0,0.0042367624,0,Low Risk,Auto Approve
0,0.21502428,22,Low Risk,Auto Approve
0,0.13151377,13,Low Risk,Auto Approve
0,0.006343293,1,Low Risk,Auto Approve
0,0.006754167,1,Low Risk,Auto Approve
0,0.7224954,72,High Risk,Manual Investigation
0,0.0057200245,1,Low Risk,Auto Approve
0,0.113157764,11,Low Risk,Auto Approve
0,0.008849191,1,Low Risk,Auto Approve
0,0.00066219486,0,Low Risk,Auto Approve
0,0.01843594,2,Low Risk,Auto Approve
0,0.0037334298,0,Low Risk,Auto Approve
0,0.010999006,1,Low Risk,Auto Approve
0,0.002234168,0,Low Risk,Auto Approve
0,0.018316627,2,Low Risk,Auto Approve
0,0.006756676,1,Low Risk,Auto Approve
0,0.7321452,73,High Risk,Manual Investigation
0,0.51800597,52,High Risk,Manual Investigation
0,0.008301293,1,Low Risk,Auto Approve
0,0.00541776,1,Low Risk,Auto Approve
0,0.0030558696,0,Low Risk,Auto Approve
1,0.014808696,1,Low Risk,Auto Approve
0,0.47261447,47,Medium Risk,Quick Verification
0,0.79226595,79,Critical Risk,Fraud Investigation Team
1,0.60239816,60,High Risk,Manual Investigation
0,0.0044941986,0,Low Risk,Auto Approve
0,0.022976503,2,Low Risk,Auto Approve
0,0.7976344,80,Critical Risk,Fraud Investigation Team
0,0.13336074,13,Low Risk,Auto Approve
0,0.00086550915,0,Low Risk,Auto Approve
0,0.65275294,65,High Risk,Manual Investigation
0,0.0016420878,0,Low Risk,Auto Approve
0,0.0019185005,0,Low Risk,Auto Approve
0,0.016537061,2,Low Risk,Auto Approve
1,0.3725378,37,Medium Risk,Quick Verification
0,0.20500284,21,Low Risk,Auto Approve
0,0.060804214,6,Low Risk,Auto Approve
0,0.45167804,45,Medium Risk,Quick Verification
0,0.20075671,20,Low Risk,Auto Approve
0,0.185816,19,Low Risk,Auto Approve
0,8.890933e-05,0,Low Risk,Auto Approve
0,0.006466513,1,Low Risk,Auto Approve
0,0.7516757,75,High Risk,Manual Investigation
0,8.9412235e-05,0,Low Risk,Auto Approve
0,0.030369138,3,Low Risk,Auto Approve
0,0.18964328,19,Low Risk,Auto Approve
0,0.0058111483,1,Low Risk,Auto Approve
0,0.0006078311,0,Low Risk,Auto Approve
0,0.011339406,1,Low Risk,Auto Approve
0,0.02492297,2,Low Risk,Auto Approve
0,0.022367408,2,Low Risk,Auto Approve
0,0.71069396,71,High Risk,Manual Investigation
0,0.004733223,0,Low Risk,Auto Approve
0,0.008453641,1,Low Risk,Auto Approve
0,0.011913983,1,Low Risk,Auto Approve
0,0.013650702,1,Low Risk,Auto Approve
0,0.00548237,1,Low Risk,Auto Approve
0,0.0047920235,0,Low Risk,Auto Approve
0,0.008147204,1,Low Risk,Auto Approve
0,0.07442277,7,Low Risk,Auto Approve
0,0.025993139,3,Low Risk,Auto Approve
0,0.0024018816,0,Low Risk,Auto Approve
0,0.24994667,25,Low Risk,Auto Approve
0,0.01929693,2,Low Risk,Auto Approve
0,0.712525,71,High Risk,Manual Investigation
0,0.13624546,14,Low Risk,Auto Approve
0,0.3421318,34,Medium Risk,Quick Verification
0,0.012121129,1,Low Risk,Auto Approve
0,0.0023739936,0,Low Risk,Auto Approve
0,0.76602066,77,Critical Risk,Fraud Investigation Team
0,0.07796646,8,Low Risk,Auto Approve
0,0.0008946732,0,Low Risk,Auto Approve
0,0.00027151834,0,Low Risk,Auto Approve
0,0.7117622,71,High Risk,Manual Investigation
1,0.7802427,78,Critical Risk,Fraud Investigation Team
0,0.13487615,13,Low Risk,Auto Approve
0,0.68203837,68,High Risk,Manual Investigation
0,0.0020572003,0,Low Risk,Auto Approve
0,0.12972328,13,Low Risk,Auto Approve
0,0.2649661,26,Medium Risk,Quick Verification
0,0.792372,79,Critical Risk,Fraud Investigation Team
1,0.7268029,73,High Risk,Manual Investigation
0,0.9499621,95,Critical Risk,Fraud Investigation Team
0,0.007110537,1,Low Risk,Auto Approve
0,0.029253643,3,Low Risk,Auto Approve
0,0.37109202,37,Medium Risk,Quick Verification
0,0.62279236,62,High Risk,Manual Investigation
1,0.22175047,22,Low Risk,Auto Approve
0,0.16116557,16,Low Risk,Auto Approve
0,0.005424121,1,Low Risk,Auto Approve
0,0.46278298,46,Medium Risk,Quick Verification
0,0.8368395,84,Critical Risk,Fraud Investigation Team
0,0.75373447,75,High Risk,Manual Investigation
0,0.049697928,5,Low Risk,Auto Approve
0,0.7987185,80,Critical Risk,Fraud Investigation Team
0,0.0022367311,0,Low Risk,Auto Approve
0,0.001267877,0,Low Risk,Auto Approve
0,0.0003619256,0,Low Risk,Auto Approve
0,0.0012387773,0,Low Risk,Auto Approve
0,0.012623606,1,Low Risk,Auto Approve
0,0.0057217143,1,Low Risk,Auto Approve
0,0.07749062,8,Low Risk,Auto Approve
0,0.009135185,1,Low Risk,Auto Approve
1,0.24768046,25,Low Risk,Auto Approve
0,0.0559798,6,Low Risk,Auto Approve
0,0.2693826,27,Medium Risk,Quick Verification
0,0.020430367,2,Low Risk,Auto Approve
0,0.00047719252,0,Low Risk,Auto Approve
0,0.46264496,46,Medium Risk,Quick Verification
0,0.2063019,21,Low Risk,Auto Approve
0,0.008509106,1,Low Risk,Auto Approve
0,0.24149756,24,Low Risk,Auto Approve
0,0.00064463104,0,Low Risk,Auto Approve
0,0.020758675,2,Low Risk,Auto Approve
0,0.038535677,4,Low Risk,Auto Approve
0,0.0014447805,0,Low Risk,Auto Approve
0,0.035931684,4,Low Risk,Auto Approve
0,0.018829739,2,Low Risk,Auto Approve
0,0.4321301,43,Medium Risk,Quick Verification
0,0.0035821707,0,Low Risk,Auto Approve
0,0.85992235,86,Critical Risk,Fraud Investigation Team
0,0.31442913,31,Medium Risk,Quick Verification
0,0.00073358405,0,Low Risk,Auto Approve
0,0.06084818,6,Low Risk,Auto Approve
0,0.6455785,65,High Risk,Manual Investigation
0,0.53750193,54,High Risk,Manual Investigation
0,0.016678384,2,Low Risk,Auto Approve
0,0.000474874,0,Low Risk,Auto Approve
0,0.5615425,56,High Risk,Manual Investigation
0,0.12940586,13,Low Risk,Auto Approve
0,0.0008155234,0,Low Risk,Auto Approve
0,0.0017505833,0,Low Risk,Auto Approve
0,0.60192704,60,High Risk,Manual Investigation
0,0.797288,80,Critical Risk,Fraud Investigation Team
0,0.3664166,37,Medium Risk,Quick Verification
0,0.45479006,45,Medium Risk,Quick Verification
0,0.295785,30,Medium Risk,Quick Verification
0,0.48923436,49,Medium Risk,Quick Verification
1,0.56802213,57,High Risk,Manual Investigation
0,0.24293354,24,Low Risk,Auto Approve
0,0.00013558102,0,Low Risk,Auto Approve
0,0.07451562,7,Low Risk,Auto Approve
0,0.083324336,8,Low Risk,Auto Approve
0,0.04633542,5,Low Risk,Auto Approve
0,0.024804192,2,Low Risk,Auto Approve
0,0.5544302,55,High Risk,Manual Investigation
0,0.5293547,53,High Risk,Manual Investigation
0,0.008779914,1,Low Risk,Auto Approve
0,0.055364035,6,Low Risk,Auto Approve
0,0.1469196,15,Low Risk,Auto Approve
0,0.14042096,14,Low Risk,Auto Approve
0,0.47717968,48,Medium Risk,Quick Verification
0,0.29816544,30,Medium Risk,Quick Verification
0,0.073608726,7,Low Risk,Auto Approve
0,0.0005310648,0,Low Risk,Auto Approve
0,0.35667652,36,Medium Risk,Quick Verification
1,0.32000422,32,Medium Risk,Quick Verification
0,0.4246861,42,Medium Risk,Quick Verification
0,0.006968859,1,Low Risk,Auto Approve
0,0.0017142816,0,Low Risk,Auto Approve
0,0.0037025867,0,Low Risk,Auto Approve
0,0.078007914,8,Low Risk,Auto Approve
0,0.31346682,31,Medium Risk,Quick Verification
0,0.20318033,20,Low Risk,Auto Approve
0,0.01400549,1,Low Risk,Auto Approve
0,0.13644952,14,Low Risk,Auto Approve
0,0.011965292,1,Low Risk,Auto Approve
0,0.031378023,3,Low Risk,Auto Approve
0,0.017732345,2,Low Risk,Auto Approve
0,0.00025571152,0,Low Risk,Auto Approve
0,0.0075114304,1,Low Risk,Auto Approve
0,0.27194363,27,Medium Risk,Quick Verification
0,0.48438373,48,Medium Risk,Quick Verification
1,0.9412917,94,Critical Risk,Fraud Investigation Team
0,0.010096737,1,Low Risk,Auto Approve
0,0.004699639,0,Low Risk,Auto Approve
0,0.08008328,8,Low Risk,Auto Approve
0,0.5039122,50,Medium Risk,Quick Verification
0,0.037749004,4,Low Risk,Auto Approve
0,0.66882664,67,High Risk,Manual Investigation
0,0.021806058,2,Low Risk,Auto Approve
0,0.21752965,22,Low Risk,Auto Approve
0,0.36777773,37,Medium Risk,Quick Verification
0,0.030710643,3,Low Risk,Auto Approve
0,0.0041171727,0,Low Risk,Auto Approve
0,0.11660738,12,Low Risk,Auto Approve
0,0.7179079,72,High Risk,Manual Investigation
1,0.85352695,85,Critical Risk,Fraud Investigation Team
0,0.0006179729,0,Low Risk,Auto Approve
0,0.0012847412,0,Low Risk,Auto Approve
0,8.4679e-05,0,Low Risk,Auto Approve
0,0.014186671,1,Low Risk,Auto Approve
0,6.0039114e-05,0,Low Risk,Auto Approve
0,0.0039304607,0,Low Risk,Auto Approve
0,0.27499142,27,Medium Risk,Quick Verification
0,0.32778388,33,Medium Risk,Quick Verification
0,0.0002454095,0,Low Risk,Auto Approve
0,0.006741933,1,Low Risk,Auto Approve
0,0.37783635,38,Medium Risk,Quick Verification
0,0.0023435915,0,Low Risk,Auto Approve
0,0.01399051,1,Low Risk,Auto Approve
0,0.34888884,35,Medium Risk,Quick Verification
0,0.011752983,1,Low Risk,Auto Approve
0,0.305471,31,Medium Risk,Quick Verification
0,0.05259862,5,Low Risk,Auto Approve
0,0.00012694894,0,Low Risk,Auto Approve
0,0.07550599,8,Low Risk,Auto Approve
1,0.85063165,85,Critical Risk,Fraud Investigation Team
0,0.00030785488,0,Low Risk,Auto Approve
0,0.07140318,7,Low Risk,Auto Approve
0,0.11140863,11,Low Risk,Auto Approve
0,0.0755971,8,Low Risk,Auto Approve
0,0.001545629,0,Low Risk,Auto Approve
0,0.14836262,15,Low Risk,Auto Approve
0,0.085144624,9,Low Risk,Auto Approve
0,0.8525376,85,Critical Risk,Fraud Investigation Team
0,0.4934567,49,Medium Risk,Quick Verification
0,0.37334028,37,Medium Risk,Quick Verification
0,0.76744807,77,Critical Risk,Fraud Investigation Team
0,0.2766345,28,Medium Risk,Quick Verification
0,0.035882313,4,Low Risk,Auto Approve
0,0.49612075,50,Medium Risk,Quick Verification
0,0.0020302266,0,Low Risk,Auto Approve
0,0.0017155029,0,Low Risk,Auto Approve
0,0.001308027,0,Low Risk,Auto Approve
0,0.8215126,82,Critical Risk,Fraud Investigation Team
0,0.45859626,46,Medium Risk,Quick Verification
0,0.07064677,7,Low Risk,Auto Approve
0,0.3020333,30,Medium Risk,Quick Verification
0,0.0019075469,0,Low Risk,Auto Approve
0,0.039612807,4,Low Risk,Auto Approve
1,0.21727863,22,Low Risk,Auto Approve
0,0.47253588,47,Medium Risk,Quick Verification
0,0.29156983,29,Medium Risk,Quick Verification
0,0.0062684263,1,Low Risk,Auto Approve
0,0.025887962,3,Low Risk,Auto Approve
0,0.5575293,56,High Risk,Manual Investigation
0,0.02338361,2,Low Risk,Auto Approve
0,0.0058507174,1,Low Risk,Auto Approve
0,0.00487669,0,Low Risk,Auto Approve
1,0.77835506,78,Critical Risk,Fraud Investigation Team
0,0.023035074,2,Low Risk,Auto Approve
0,0.005704966,1,Low Risk,Auto Approve
0,0.74306065,74,High Risk,Manual Investigation
0,0.16660425,17,Low Risk,Auto Approve
0,0.04621154,5,Low Risk,Auto Approve
0,0.0008215667,0,Low Risk,Auto Approve
0,0.009533988,1,Low Risk,Auto Approve
0,0.42174527,42,Medium Risk,Quick Verification
0,0.0058751,1,Low Risk,Auto Approve
0,0.009387982,1,Low Risk,Auto Approve
0,0.00493062,0,Low Risk,Auto Approve
0,0.0004659458,0,Low Risk,Auto Approve
0,0.13155122,13,Low Risk,Auto Approve
0,0.0019982697,0,Low Risk,Auto Approve
0,0.0044752983,0,Low Risk,Auto Approve
0,0.010443011,1,Low Risk,Auto Approve
0,0.11511428,12,Low Risk,Auto Approve
0,0.56038684,56,High Risk,Manual Investigation
0,0.06540402,7,Low Risk,Auto Approve
1,0.5545573,55,High Risk,Manual Investigation
0,0.0029255326,0,Low Risk,Auto Approve
0,0.012404418,1,Low Risk,Auto Approve
0,0.019174146,2,Low Risk,Auto Approve
0,0.15638156,16,Low Risk,Auto Approve
0,8.865889e-05,0,Low Risk,Auto Approve
0,0.0030462907,0,Low Risk,Auto Approve
0,0.51053774,51,High Risk,Manual Investigation
0,0.00030553326,0,Low Risk,Auto Approve
0,0.0018469652,0,Low Risk,Auto Approve
0,0.01002522,1,Low Risk,Auto Approve
0,0.0020660008,0,Low Risk,Auto Approve
0,8.31753e-05,0,Low Risk,Auto Approve
0,0.055158757,6,Low Risk,Auto Approve
0,0.00020247685,0,Low Risk,Auto Approve
0,0.0017615007,0,Low Risk,Auto Approve
0,0.0071770754,1,Low Risk,Auto Approve
0,0.089359336,9,Low Risk,Auto Approve
0,0.0027009093,0,Low Risk,Auto Approve
0,0.011155722,1,Low Risk,Auto Approve
0,0.037440877,4,Low Risk,Auto Approve
0,2.9294073e-05,0,Low Risk,Auto Approve
0,0.03877454,4,Low Risk,Auto Approve
0,0.04244822,4,Low Risk,Auto Approve
0,0.12660602,13,Low Risk,Auto Approve
0,0.011411951,1,Low Risk,Auto Approve
0,0.13891949,14,Low Risk,Auto Approve
0,0.4190461,42,Medium Risk,Quick Verification
0,0.59910846,60,High Risk,Manual Investigation
0,0.000618396,0,Low Risk,Auto Approve
0,0.00022940563,0,Low Risk,Auto Approve
0,0.36583576,37,Medium Risk,Quick Verification
1,0.8078811,81,Critical Risk,Fraud Investigation Team
0,0.00088050344,0,Low Risk,Auto Approve
0,0.013559438,1,Low Risk,Auto Approve
0,0.12480477,12,Low Risk,Auto Approve
0,0.6757844,68,High Risk,Manual Investigation
0,0.6317821,63,High Risk,Manual Investigation
0,0.00076037605,0,Low Risk,Auto Approve
0,0.0018209326,0,Low Risk,Auto Approve
1,0.6626201,66,High Risk,Manual Investigation
0,0.03979981,4,Low Risk,Auto Approve
0,0.89227694,89,Critical Risk,Fraud Investigation Team
0,0.0009637517,0,Low Risk,Auto Approve
0,0.000111354406,0,Low Risk,Auto Approve
0,0.33811226,34,Medium Risk,Quick Verification
0,0.0018777462,0,Low Risk,Auto Approve
0,0.8454257,85,Critical Risk,Fraud Investigation Team
0,0.66302806,66,High Risk,Manual Investigation
0,0.0005301173,0,Low Risk,Auto Approve
0,0.00058812206,0,Low Risk,Auto Approve
0,0.27829486,28,Medium Risk,Quick Verification
0,0.0025646763,0,Low Risk,Auto Approve
0,0.011959762,1,Low Risk,Auto Approve
0,0.00038179493,0,Low Risk,Auto Approve
0,0.0061571924,1,Low Risk,Auto Approve
0,0.47072813,47,Medium Risk,Quick Verification
0,0.74454653,74,High Risk,Manual Investigation
0,0.0244448,2,Low Risk,Auto Approve
0,0.05835636,6,Low Risk,Auto Approve
0,0.5362914,54,High Risk,Manual Investigation
0,1.8501394e-05,0,Low Risk,Auto Approve
0,0.24333152,24,Low Risk,Auto Approve
0,0.0048055206,0,Low Risk,Auto Approve
0,0.00018249376,0,Low Risk,Auto Approve
0,0.6773567,68,High Risk,Manual Investigation
0,0.1923659,19,Low Risk,Auto Approve
0,0.26094687,26,Medium Risk,Quick Verification
0,0.0003134598,0,Low Risk,Auto Approve
0,0.45568427,46,Medium Risk,Quick Verification
0,0.9370621,94,Critical Risk,Fraud Investigation Team
0,0.019251646,2,Low Risk,Auto Approve
0,0.48009396,48,Medium Risk,Quick Verification
0,0.032010987,3,Low Risk,Auto Approve
0,0.00089493574,0,Low Risk,Auto Approve
0,0.31273755,31,Medium Risk,Quick Verification
0,0.6526356,65,High Risk,Manual Investigation
0,0.8182842,82,Critical Risk,Fraud Investigation Team
0,0.83056444,83,Critical Risk,Fraud Investigation Team
0,0.3710123,37,Medium Risk,Quick Verification
0,0.010086749,1,Low Risk,Auto Approve
0,0.0040790425,0,Low Risk,Auto Approve
0,0.012118548,1,Low Risk,Auto Approve
0,0.088572964,9,Low Risk,Auto Approve
0,0.049509045,5,Low Risk,Auto Approve
0,0.0021481712,0,Low Risk,Auto Approve
0,0.0034536796,0,Low Risk,Auto Approve
0,0.019727448,2,Low Risk,Auto Approve
0,0.0011950276,0,Low Risk,Auto Approve
0,0.0004814331,0,Low Risk,Auto Approve
0,0.52756494,53,High Risk,Manual Investigation
0,0.18340103,18,Low Risk,Auto Approve
0,1.7011182e-05,0,Low Risk,Auto Approve
0,0.0034327195,0,Low Risk,Auto Approve
0,0.24419534,24,Low Risk,Auto Approve
0,0.026798043,3,Low Risk,Auto Approve
0,0.071884215,7,Low Risk,Auto Approve
1,0.48602906,49,Medium Risk,Quick Verification
0,0.00082637015,0,Low Risk,Auto Approve
0,0.06322637,6,Low Risk,Auto Approve
0,0.71460426,71,High Risk,Manual Investigation
0,0.00012987011,0,Low Risk,Auto Approve
0,0.22719418,23,Low Risk,Auto Approve
0,0.7522596,75,High Risk,Manual Investigation
0,0.5314917,53,High Risk,Manual Investigation
0,0.51387405,51,High Risk,Manual Investigation
0,0.049193233,5,Low Risk,Auto Approve
0,0.70648956,71,High Risk,Manual Investigation
1,0.6704938,67,High Risk,Manual Investigation
0,0.021297716,2,Low Risk,Auto Approve
0,0.44485652,44,Medium Risk,Quick Verification
0,0.8241796,82,Critical Risk,Fraud Investigation Team
0,0.002005008,0,Low Risk,Auto Approve
0,0.000583127,0,Low Risk,Auto Approve
0,0.1066968,11,Low Risk,Auto Approve
0,0.00030879318,0,Low Risk,Auto Approve
0,0.00023945753,0,Low Risk,Auto Approve
1,0.40332085,40,Medium Risk,Quick Verification
0,0.79793334,80,Critical Risk,Fraud Investigation Team
0,0.0017035049,0,Low Risk,Auto Approve
0,0.01365873,1,Low Risk,Auto Approve
0,0.68410695,68,High Risk,Manual Investigation
0,0.0003111514,0,Low Risk,Auto Approve
0,0.96862495,97,Critical Risk,Fraud Investigation Team
0,0.0019299559,0,Low Risk,Auto Approve
0,0.71258694,71,High Risk,Manual Investigation
0,0.21338591,21,Low Risk,Auto Approve
0,0.0008572547,0,Low Risk,Auto Approve
0,0.71446526,71,High Risk,Manual Investigation
0,0.65153354,65,High Risk,Manual Investigation
0,0.628267,63,High Risk,Manual Investigation
0,0.0072972625,1,Low Risk,Auto Approve
0,0.007880315,1,Low Risk,Auto Approve
0,0.0044202204,0,Low Risk,Auto Approve
0,0.0019382844,0,Low Risk,Auto Approve
1,0.60369396,60,High Risk,Manual Investigation
0,0.9293767,93,Critical Risk,Fraud Investigation Team
0,0.0052243494,1,Low Risk,Auto Approve
0,0.0054156617,1,Low Risk,Auto Approve
0,0.36285877,36,Medium Risk,Quick Verification
0,0.025565589,3,Low Risk,Auto Approve
0,0.07304455,7,Low Risk,Auto Approve
0,0.009120969,1,Low Risk,Auto Approve
0,0.37526715,38,Medium Risk,Quick Verification
0,0.00072227453,0,Low Risk,Auto Approve
1,0.26879847,27,Medium Risk,Quick Verification
0,0.49067098,49,Medium Risk,Quick Verification
1,0.82201844,82,Critical Risk,Fraud Investigation Team
0,0.09240026,9,Low Risk,Auto Approve
1,0.53474593,53,High Risk,Manual Investigation
0,0.33574376,34,Medium Risk,Quick Verification
1,0.62430364,62,High Risk,Manual Investigation
0,0.015317491,2,Low Risk,Auto Approve
0,0.019206496,2,Low Risk,Auto Approve
0,0.0003464438,0,Low Risk,Auto Approve
0,0.13919252,14,Low Risk,Auto Approve
0,0.0030036876,0,Low Risk,Auto Approve
0,0.12662607,13,Low Risk,Auto Approve
0,0.07747954,8,Low Risk,Auto Approve
0,0.022266692,2,Low Risk,Auto Approve
0,0.00013445629,0,Low Risk,Auto Approve
0,0.3952992,40,Medium Risk,Quick Verification
0,0.002853804,0,Low Risk,Auto Approve
0,0.017430704,2,Low Risk,Auto Approve
0,0.67561185,68,High Risk,Manual Investigation
0,0.03406057,3,Low Risk,Auto Approve
0,0.00070798467,0,Low Risk,Auto Approve
0,0.010860255,1,Low Risk,Auto Approve
0,0.060998715,6,Low Risk,Auto Approve
0,0.00019885466,0,Low Risk,Auto Approve
1,0.36524034,37,Medium Risk,Quick Verification
0,0.0053387242,1,Low Risk,Auto Approve
1,0.5269517,53,High Risk,Manual Investigation
1,0.7950944,80,Critical Risk,Fraud Investigation Team
0,0.20742902,21,Low Risk,Auto Approve
0,0.0021441865,0,Low Risk,Auto Approve
0,0.646318,65,High Risk,Manual Investigation
0,0.2713029,27,Medium Risk,Quick Verification
0,3.4173947e-05,0,Low Risk,Auto Approve
0,0.0024545034,0,Low Risk,Auto Approve
0,0.14729258,15,Low Risk,Auto Approve
0,0.20696391,21,Low Risk,Auto Approve
0,0.014168602,1,Low Risk,Auto Approve
1,0.57637155,58,High Risk,Manual Investigation
0,0.038042814,4,Low Risk,Auto Approve
0,0.20788828,21,Low Risk,Auto Approve
0,0.6537863,65,High Risk,Manual Investigation
0,0.0009410962,0,Low Risk,Auto Approve
0,1.6014777e-05,0,Low Risk,Auto Approve
0,0.7731832,77,Critical Risk,Fraud Investigation Team
0,0.0005395138,0,Low Risk,Auto Approve
0,0.03232027,3,Low Risk,Auto Approve
0,0.37957758,38,Medium Risk,Quick Verification
0,0.0142403,1,Low Risk,Auto Approve
0,0.45080683,45,Medium Risk,Quick Verification
0,0.5362105,54,High Risk,Manual Investigation
0,0.0039593824,0,Low Risk,Auto Approve
0,0.20328313,20,Low Risk,Auto Approve
0,0.014581736,1,Low Risk,Auto Approve
0,0.0010221141,0,Low Risk,Auto Approve
0,0.26605442,27,Medium Risk,Quick Verification
0,0.0008382222,0,Low Risk,Auto Approve
0,0.0010676353,0,Low Risk,Auto Approve
0,0.0007874877,0,Low Risk,Auto Approve
0,0.061475787,6,Low Risk,Auto Approve
0,0.0027567912,0,Low Risk,Auto Approve
0,0.4363949,44,Medium Risk,Quick Verification
0,0.009739502,1,Low Risk,Auto Approve
0,0.0005624399,0,Low Risk,Auto Approve
0,0.004047055,0,Low Risk,Auto Approve
0,0.013459884,1,Low Risk,Auto Approve
0,0.046394836,5,Low Risk,Auto Approve
0,0.020944377,2,Low Risk,Auto Approve
1,0.86114013,86,Critical Risk,Fraud Investigation Team
0,0.0060302746,1,Low Risk,Auto Approve
0,0.002508936,0,Low Risk,Auto Approve
0,0.0015652627,0,Low Risk,Auto Approve
0,0.0054797265,1,Low Risk,Auto Approve
0,5.983301e-05,0,Low Risk,Auto Approve
0,0.25978863,26,Medium Risk,Quick Verification
0,0.00311533,0,Low Risk,Auto Approve
0,0.0083290925,1,Low Risk,Auto Approve
0,0.15272555,15,Low Risk,Auto Approve
0,1.5849939e-05,0,Low Risk,Auto Approve
0,0.46662474,47,Medium Risk,Quick Verification
0,0.0011433798,0,Low Risk,Auto Approve
0,0.039902255,4,Low Risk,Auto Approve
0,0.382437,38,Medium Risk,Quick Verification
0,0.88003075,88,Critical Risk,Fraud Investigation Team
0,0.35089177,35,Medium Risk,Quick Verification
0,0.15578394,16,Low Risk,Auto Approve
0,0.0025186555,0,Low Risk,Auto Approve
0,0.0013337795,0,Low Risk,Auto Approve
0,0.20749994,21,Low Risk,Auto Approve
0,0.0012089032,0,Low Risk,Auto Approve
0,0.026498735,3,Low Risk,Auto Approve
0,0.48912904,49,Medium Risk,Quick Verification
0,0.00792707,1,Low Risk,Auto Approve
0,0.027095445,3,Low Risk,Auto Approve
0,0.16307008,16,Low Risk,Auto Approve
0,0.004108975,0,Low Risk,Auto Approve
0,0.12321615,12,Low Risk,Auto Approve
0,0.7992116,80,Critical Risk,Fraud Investigation Team
0,0.93870974,94,Critical Risk,Fraud Investigation Team
0,9.479822e-05,0,Low Risk,Auto Approve
0,0.00554326,1,Low Risk,Auto Approve
0,0.14873688,15,Low Risk,Auto Approve
0,0.00063396257,0,Low Risk,Auto Approve
0,9.352589e-05,0,Low Risk,Auto Approve
0,0.0018360208,0,Low Risk,Auto Approve
0,0.8843484,88,Critical Risk,Fraud Investigation Team
0,0.0009357839,0,Low Risk,Auto Approve
0,0.6371238,64,High Risk,Manual Investigation
0,0.37627903,38,Medium Risk,Quick Verification
0,0.0016879145,0,Low Risk,Auto Approve
0,0.010428121,1,Low Risk,Auto Approve
0,0.4072871,41,Medium Risk,Quick Verification
0,0.32610628,33,Medium Risk,Quick Verification
0,0.0008125861,0,Low Risk,Auto Approve
0,0.1711818,17,Low Risk,Auto Approve
1,0.1342481,13,Low Risk,Auto Approve
1,0.6218924,62,High Risk,Manual Investigation
0,0.0010854887,0,Low Risk,Auto Approve
0,0.0017363258,0,Low Risk,Auto Approve
0,0.006391545,1,Low Risk,Auto Approve
0,0.015795706,2,Low Risk,Auto Approve
0,0.022118023,2,Low Risk,Auto Approve
0,0.04413396,4,Low Risk,Auto Approve
0,0.012770514,1,Low Risk,Auto Approve
0,0.058099974,6,Low Risk,Auto Approve
0,0.39563704,40,Medium Risk,Quick Verification
0,0.0069809365,1,Low Risk,Auto Approve
0,0.7642313,76,Critical Risk,Fraud Investigation Team
1,0.97938615,98,Critical Risk,Fraud Investigation Team
1,0.4967006,50,Medium Risk,Quick Verification
0,0.028270252,3,Low Risk,Auto Approve
0,0.022382371,2,Low Risk,Auto Approve
0,0.0002972551,0,Low Risk,Auto Approve
0,0.3954441,40,Medium Risk,Quick Verification
1,0.97242594,97,Critical Risk,Fraud Investigation Team
0,0.18543687,19,Low Risk,Auto Approve
0,0.020828774,2,Low Risk,Auto Approve
0,0.0002210875,0,Low Risk,Auto Approve
0,0.00575506,1,Low Risk,Auto Approve
0,0.23556219,24,Low Risk,Auto Approve
0,0.28344727,28,Medium Risk,Quick Verification
0,0.001021895,0,Low Risk,Auto Approve
0,0.0061530476,1,Low Risk,Auto Approve
0,0.05758249,6,Low Risk,Auto Approve
0,0.33167762,33,Medium Risk,Quick Verification
0,0.03579553,4,Low Risk,Auto Approve
1,0.6448089,64,High Risk,Manual Investigation
0,0.0025345278,0,Low Risk,Auto Approve
1,0.32309654,32,Medium Risk,Quick Verification
0,0.006448698,1,Low Risk,Auto Approve
0,0.4650354,47,Medium Risk,Quick Verification
0,0.019455966,2,Low Risk,Auto Approve
0,0.008629263,1,Low Risk,Auto Approve
0,0.500025,50,Medium Risk,Quick Verification
0,0.0025590323,0,Low Risk,Auto Approve
0,0.0793568,8,Low Risk,Auto Approve
0,0.0013851712,0,Low Risk,Auto Approve
0,0.0012318441,0,Low Risk,Auto Approve
0,0.21659857,22,Low Risk,Auto Approve
0,0.10945637,11,Low Risk,Auto Approve
0,0.5767281,58,High Risk,Manual Investigation
0,0.00022678482,0,Low Risk,Auto Approve
0,0.011027644,1,Low Risk,Auto Approve
0,0.0022281606,0,Low Risk,Auto Approve
0,0.0018195654,0,Low Risk,Auto Approve
0,0.4927546,49,Medium Risk,Quick Verification
0,0.11732982,12,Low Risk,Auto Approve
0,0.0817877,8,Low Risk,Auto Approve
0,0.15405768,15,Low Risk,Auto Approve
0,0.3640818,36,Medium Risk,Quick Verification
0,0.7806622,78,Critical Risk,Fraud Investigation Team
0,0.04621674,5,Low Risk,Auto Approve
0,0.29851538,30,Medium Risk,Quick Verification
0,0.61402977,61,High Risk,Manual Investigation
0,0.002330741,0,Low Risk,Auto Approve
0,0.5206945,52,High Risk,Manual Investigation
0,0.007444295,1,Low Risk,Auto Approve
0,0.0009807377,0,Low Risk,Auto Approve
0,0.030273711,3,Low Risk,Auto Approve
0,0.09212389,9,Low Risk,Auto Approve
0,0.35326314,35,Medium Risk,Quick Verification
0,0.12108598,12,Low Risk,Auto Approve
0,0.0017092314,0,Low Risk,Auto Approve
0,0.0028829158,0,Low Risk,Auto Approve
1,0.47056383,47,Medium Risk,Quick Verification
0,0.71882087,72,High Risk,Manual Investigation
0,0.005640868,1,Low Risk,Auto Approve
0,0.5289461,53,High Risk,Manual Investigation
0,0.1310942,13,Low Risk,Auto Approve
0,0.006843022,1,Low Risk,Auto Approve
0,0.005966626,1,Low Risk,Auto Approve
0,0.70751715,71,High Risk,Manual Investigation
0,0.030115077,3,Low Risk,Auto Approve
0,0.00024847966,0,Low Risk,Auto Approve
0,0.00088920514,0,Low Risk,Auto Approve
1,0.6083294,61,High Risk,Manual Investigation
0,0.020239111,2,Low Risk,Auto Approve
0,0.0012175686,0,Low Risk,Auto Approve
0,0.027163075,3,Low Risk,Auto Approve
0,0.18784322,19,Low Risk,Auto Approve
0,0.092669316,9,Low Risk,Auto Approve
0,0.014481357,1,Low Risk,Auto Approve
0,0.0011029195,0,Low Risk,Auto Approve
0,0.04755335,5,Low Risk,Auto Approve
0,0.64663815,65,High Risk,Manual Investigation
0,0.00011013713,0,Low Risk,Auto Approve
0,0.005346442,1,Low Risk,Auto Approve
0,0.010003441,1,Low Risk,Auto Approve
0,0.2590102,26,Medium Risk,Quick Verification
0,0.46969327,47,Medium Risk,Quick Verification
0,0.0003288378,0,Low Risk,Auto Approve
0,0.23477325,23,Low Risk,Auto Approve
0,0.0056476174,1,Low Risk,Auto Approve
0,0.0014658272,0,Low Risk,Auto Approve
0,0.002925996,0,Low Risk,Auto Approve
0,0.059275534,6,Low Risk,Auto Approve
0,0.7348116,73,High Risk,Manual Investigation
0,0.010040034,1,Low Risk,Auto Approve
0,0.0025798536,0,Low Risk,Auto Approve
0,6.305975e-05,0,Low Risk,Auto Approve
0,0.027940104,3,Low Risk,Auto Approve
0,0.0029369423,0,Low Risk,Auto Approve
0,0.0006513678,0,Low Risk,Auto Approve
0,0.00045977332,0,Low Risk,Auto Approve
0,0.026013115,3,Low Risk,Auto Approve
1,0.77791303,78,Critical Risk,Fraud Investigation Team
1,0.5704186,57,High Risk,Manual Investigation
0,0.0006199861,0,Low Risk,Auto Approve
0,0.00032883842,0,Low Risk,Auto Approve
0,0.8271187,83,Critical Risk,Fraud Investigation Team
0,0.92481107,92,Critical Risk,Fraud Investigation Team
0,0.02403928,2,Low Risk,Auto Approve
0,0.0038453122,0,Low Risk,Auto Approve
0,0.043970548,4,Low Risk,Auto Approve
0,0.09759983,10,Low Risk,Auto Approve
0,0.54754597,55,High Risk,Manual Investigation
0,0.49036193,49,Medium Risk,Quick Verification
0,0.00036659953,0,Low Risk,Auto Approve
0,0.00797156,1,Low Risk,Auto Approve
0,0.0018165342,0,Low Risk,Auto Approve
0,0.0005925055,0,Low Risk,Auto Approve
0,0.4242746,42,Medium Risk,Quick Verification
0,0.52792174,53,High Risk,Manual Investigation
0,0.28590512,29,Medium Risk,Quick Verification
0,0.5193202,52,High Risk,Manual Investigation
0,0.008126334,1,Low Risk,Auto Approve
0,0.46231928,46,Medium Risk,Quick Verification
0,0.3313152,33,Medium Risk,Quick Verification
0,0.013020429,1,Low Risk,Auto Approve
0,0.00026227208,0,Low Risk,Auto Approve
0,0.004089355,0,Low Risk,Auto Approve
0,0.065033026,7,Low Risk,Auto Approve
0,0.085013084,9,Low Risk,Auto Approve
1,0.98287773,98,Critical Risk,Fraud Investigation Team
0,0.004324495,0,Low Risk,Auto Approve
0,0.25380743,25,Low Risk,Auto Approve
0,0.2811124,28,Medium Risk,Quick Verification
0,0.003040888,0,Low Risk,Auto Approve
0,0.0013670693,0,Low Risk,Auto Approve
0,0.003250501,0,Low Risk,Auto Approve
0,0.6383609,64,High Risk,Manual Investigation
0,0.0008182813,0,Low Risk,Auto Approve
0,0.0030272393,0,Low Risk,Auto Approve
0,0.04111774,4,Low Risk,Auto Approve
0,0.0071997913,1,Low Risk,Auto Approve
0,0.0020401126,0,Low Risk,Auto Approve
0,0.0056269797,1,Low Risk,Auto Approve
0,0.77558213,78,Critical Risk,Fraud Investigation Team
0,0.6040276,60,High Risk,Manual Investigation
1,0.6075109,61,High Risk,Manual Investigation
0,0.00014833707,0,Low Risk,Auto Approve
0,0.9772298,98,Critical Risk,Fraud Investigation Team
0,0.0053196633,1,Low Risk,Auto Approve
0,0.033554967,3,Low Risk,Auto Approve
0,0.024774496,2,Low Risk,Auto Approve
0,0.0033737624,0,Low Risk,Auto Approve
0,0.093564205,9,Low Risk,Auto Approve
0,0.026462734,3,Low Risk,Auto Approve
0,0.0075729326,1,Low Risk,Auto Approve
0,0.07181628,7,Low Risk,Auto Approve
0,0.0034239565,0,Low Risk,Auto Approve
0,0.06438342,6,Low Risk,Auto Approve
0,0.60039675,60,High Risk,Manual Investigation
0,0.00094834703,0,Low Risk,Auto Approve
0,0.004265054,0,Low Risk,Auto Approve
0,0.0006638071,0,Low Risk,Auto Approve
0,0.19634295,20,Low Risk,Auto Approve
0,0.0012545366,0,Low Risk,Auto Approve
0,0.96049994,96,Critical Risk,Fraud Investigation Team
0,0.4453757,45,Medium Risk,Quick Verification
0,0.0038757003,0,Low Risk,Auto Approve
0,0.002429366,0,Low Risk,Auto Approve
0,0.80288696,80,Critical Risk,Fraud Investigation Team
0,0.008388152,1,Low Risk,Auto Approve
0,4.292873e-05,0,Low Risk,Auto Approve
0,0.7471515,75,High Risk,Manual Investigation
0,0.030132204,3,Low Risk,Auto Approve
0,0.91334224,91,Critical Risk,Fraud Investigation Team
0,0.0010106976,0,Low Risk,Auto Approve
0,0.005962849,1,Low Risk,Auto Approve
0,0.002003362,0,Low Risk,Auto Approve
0,0.004238054,0,Low Risk,Auto Approve
0,0.021086553,2,Low Risk,Auto Approve
0,0.0013821911,0,Low Risk,Auto Approve
0,0.012250908,1,Low Risk,Auto Approve
0,0.012963471,1,Low Risk,Auto Approve
0,0.0037847008,0,Low Risk,Auto Approve
0,0.0025007615,0,Low Risk,Auto Approve
0,0.007450565,1,Low Risk,Auto Approve
0,0.66304713,66,High Risk,Manual Investigation
0,0.47193024,47,Medium Risk,Quick Verification
0,0.14455996,14,Low Risk,Auto Approve
0,0.2955414,30,Medium Risk,Quick Verification
1,0.5639767,56,High Risk,Manual Investigation
0,0.013394972,1,Low Risk,Auto Approve
0,0.36422452,36,Medium Risk,Quick Verification
0,0.0002750425,0,Low Risk,Auto Approve
0,0.0047401628,0,Low Risk,Auto Approve
0,5.5876506e-05,0,Low Risk,Auto Approve
0,0.10576771,11,Low Risk,Auto Approve
1,0.42895105,43,Medium Risk,Quick Verification
0,0.0035946425,0,Low Risk,Auto Approve
0,6.297622e-05,0,Low Risk,Auto Approve
0,0.8423705,84,Critical Risk,Fraud Investigation Team
0,0.36637136,37,Medium Risk,Quick Verification
0,0.0031029389,0,Low Risk,Auto Approve
0,0.146442,15,Low Risk,Auto Approve
0,0.6451398,65,High Risk,Manual Investigation
0,0.17655267,18,Low Risk,Auto Approve
0,0.02674299,3,Low Risk,Auto Approve
0,0.16159658,16,Low Risk,Auto Approve
0,0.26558045,27,Medium Risk,Quick Verification
1,0.63091195,63,High Risk,Manual Investigation
0,0.00066104037,0,Low Risk,Auto Approve
0,0.2400671,24,Low Risk,Auto Approve
0,0.00090099295,0,Low Risk,Auto Approve
0,0.30517098,31,Medium Risk,Quick Verification
1,0.93498576,93,Critical Risk,Fraud Investigation Team
1,0.3336865,33,Medium Risk,Quick Verification
0,0.8268428,83,Critical Risk,Fraud Investigation Team
0,0.0053898105,1,Low Risk,Auto Approve
0,0.7112052,71,High Risk,Manual Investigation
0,0.48722774,49,Medium Risk,Quick Verification
0,0.691902,69,High Risk,Manual Investigation
0,0.06849808,7,Low Risk,Auto Approve
1,0.55986935,56,High Risk,Manual Investigation
0,0.0064054052,1,Low Risk,Auto Approve
0,0.00016896438,0,Low Risk,Auto Approve
0,0.0021899263,0,Low Risk,Auto Approve
0,0.0034293302,0,Low Risk,Auto Approve
0,0.0019660934,0,Low Risk,Auto Approve
0,0.051651385,5,Low Risk,Auto Approve
0,0.008896004,1,Low Risk,Auto Approve
0,0.011742696,1,Low Risk,Auto Approve
0,0.0076180333,1,Low Risk,Auto Approve
1,0.79631764,80,Critical Risk,Fraud Investigation Team
0,0.0019101041,0,Low Risk,Auto Approve
0,0.0043127895,0,Low Risk,Auto Approve
0,0.021536158,2,Low Risk,Auto Approve
0,0.009660759,1,Low Risk,Auto Approve
0,0.10120663,10,Low Risk,Auto Approve
1,0.78332084,78,Critical Risk,Fraud Investigation Team
0,0.8135952,81,Critical Risk,Fraud Investigation Team
0,0.00091352634,0,Low Risk,Auto Approve
0,0.057590302,6,Low Risk,Auto Approve
0,0.004401845,0,Low Risk,Auto Approve
0,0.841811,84,Critical Risk,Fraud Investigation Team
0,0.009419123,1,Low Risk,Auto Approve
0,0.21980515,22,Low Risk,Auto Approve
0,0.731056,73,High Risk,Manual Investigation
0,0.020955121,2,Low Risk,Auto Approve
0,0.048901394,5,Low Risk,Auto Approve
0,0.0549544,5,Low Risk,Auto Approve
0,0.12897106,13,Low Risk,Auto Approve
0,7.849319e-05,0,Low Risk,Auto Approve
0,0.0521952,5,Low Risk,Auto Approve
0,0.50280523,50,Medium Risk,Quick Verification
0,0.001129265,0,Low Risk,Auto Approve
0,0.007279675,1,Low Risk,Auto Approve
0,0.041759767,4,Low Risk,Auto Approve
1,0.99113715,99,Critical Risk,Fraud Investigation Team
0,0.638763,64,High Risk,Manual Investigation
0,0.015020645,2,Low Risk,Auto Approve
0,0.024300098,2,Low Risk,Auto Approve
0,0.66678137,67,High Risk,Manual Investigation
0,0.0033319944,0,Low Risk,Auto Approve
1,0.4126201,41,Medium Risk,Quick Verification
0,0.14898369,15,Low Risk,Auto Approve
0,0.17502037,18,Low Risk,Auto Approve
1,0.9187521,92,Critical Risk,Fraud Investigation Team
0,0.50733006,51,High Risk,Manual Investigation
0,0.40136695,40,Medium Risk,Quick Verification
0,0.0069005922,1,Low Risk,Auto Approve
0,0.00590183,1,Low Risk,Auto Approve
0,1.0527564e-05,0,Low Risk,Auto Approve
0,0.4682268,47,Medium Risk,Quick Verification
0,0.43628192,44,Medium Risk,Quick Verification
0,0.010622065,1,Low Risk,Auto Approve
0,0.34358105,34,Medium Risk,Quick Verification
0,0.6117203,61,High Risk,Manual Investigation
0,0.43290094,43,Medium Risk,Quick Verification
0,0.18495749,18,Low Risk,Auto Approve
0,0.09657138,10,Low Risk,Auto Approve
0,0.8435693,84,Critical Risk,Fraud Investigation Team
0,0.015534879,2,Low Risk,Auto Approve
0,0.3718697,37,Medium Risk,Quick Verification
0,0.0028365378,0,Low Risk,Auto Approve
0,0.0859324,9,Low Risk,Auto Approve
0,0.00011232136,0,Low Risk,Auto Approve
0,0.090057425,9,Low Risk,Auto Approve
0,0.21744926,22,Low Risk,Auto Approve
0,0.0050450405,1,Low Risk,Auto Approve
0,0.0010529762,0,Low Risk,Auto Approve
0,0.0017285412,0,Low Risk,Auto Approve
0,0.41995534,42,Medium Risk,Quick Verification
0,0.059848603,6,Low Risk,Auto Approve
0,0.0018865365,0,Low Risk,Auto Approve
0,0.0013769082,0,Low Risk,Auto Approve
0,0.0276206,3,Low Risk,Auto Approve
0,0.21908975,22,Low Risk,Auto Approve
0,0.8317933,83,Critical Risk,Fraud Investigation Team
0,0.1458371,15,Low Risk,Auto Approve
0,0.30410865,30,Medium Risk,Quick Verification
0,0.0006234397,0,Low Risk,Auto Approve
0,0.00052238686,0,Low Risk,Auto Approve
0,0.0007847539,0,Low Risk,Auto Approve
0,0.0025822192,0,Low Risk,Auto Approve
0,0.0005663621,0,Low Risk,Auto Approve
0,0.116719425,12,Low Risk,Auto Approve
1,0.6767403,68,High Risk,Manual Investigation
0,0.6797352,68,High Risk,Manual Investigation
0,0.2811957,28,Medium Risk,Quick Verification
1,0.05272974,5,Low Risk,Auto Approve
0,0.04374762,4,Low Risk,Auto Approve
0,0.014752021,1,Low Risk,Auto Approve
0,9.458115e-05,0,Low Risk,Auto Approve
0,0.021764362,2,Low Risk,Auto Approve
0,0.0034001183,0,Low Risk,Auto Approve
0,0.0013901421,0,Low Risk,Auto Approve
0,0.0021725004,0,Low Risk,Auto Approve
0,0.0023846228,0,Low Risk,Auto Approve
0,0.77135706,77,Critical Risk,Fraud Investigation Team
0,0.06768752,7,Low Risk,Auto Approve
0,0.0014513293,0,Low Risk,Auto Approve
0,0.008961106,1,Low Risk,Auto Approve
0,0.62207115,62,High Risk,Manual Investigation
0,0.10240705,10,Low Risk,Auto Approve
0,0.2694719,27,Medium Risk,Quick Verification
0,0.8117567,81,Critical Risk,Fraud Investigation Team
0,0.004994866,0,Low Risk,Auto Approve
0,0.64057845,64,High Risk,Manual Investigation
0,0.08789549,9,Low Risk,Auto Approve
0,0.036927104,4,Low Risk,Auto Approve
0,0.038133282,4,Low Risk,Auto Approve
0,0.004876748,0,Low Risk,Auto Approve
0,0.30814385,31,Medium Risk,Quick Verification
0,0.28819582,29,Medium Risk,Quick Verification
0,0.6231349,62,High Risk,Manual Investigation
0,0.89737165,90,Critical Risk,Fraud Investigation Team
0,0.0013889287,0,Low Risk,Auto Approve
0,0.0017762765,0,Low Risk,Auto Approve
0,0.21888928,22,Low Risk,Auto Approve
0,1.2879964e-05,0,Low Risk,Auto Approve
0,0.0027551884,0,Low Risk,Auto Approve
0,0.8262071,83,Critical Risk,Fraud Investigation Team
0,0.0033330142,0,Low Risk,Auto Approve
0,0.03227279,3,Low Risk,Auto Approve
0,0.10445732,10,Low Risk,Auto Approve
0,0.0054015024,1,Low Risk,Auto Approve
1,0.30704007,31,Medium Risk,Quick Verification
0,0.27580494,28,Medium Risk,Quick Verification
0,0.26108685,26,Medium Risk,Quick Verification
0,0.10840146,11,Low Risk,Auto Approve
0,0.23656803,24,Low Risk,Auto Approve
1,0.041385937,4,Low Risk,Auto Approve
0,0.95386267,95,Critical Risk,Fraud Investigation Team
0,0.704912,70,High Risk,Manual Investigation
0,0.014850898,1,Low Risk,Auto Approve
0,0.00032480105,0,Low Risk,Auto Approve
0,0.0003947474,0,Low Risk,Auto Approve
0,0.00054801756,0,Low Risk,Auto Approve
1,0.12528853,13,Low Risk,Auto Approve
0,0.6750487,68,High Risk,Manual Investigation
0,0.0039366074,0,Low Risk,Auto Approve
0,0.2405281,24,Low Risk,Auto Approve
0,0.0827017,8,Low Risk,Auto Approve
0,0.072551325,7,Low Risk,Auto Approve
0,0.008433524,1,Low Risk,Auto Approve
0,0.7963338,80,Critical Risk,Fraud Investigation Team
0,0.14598191,15,Low Risk,Auto Approve
0,0.052310083,5,Low Risk,Auto Approve
0,0.0011295682,0,Low Risk,Auto Approve
0,0.26149806,26,Medium Risk,Quick Verification
0,0.46874428,47,Medium Risk,Quick Verification
0,0.0045441054,0,Low Risk,Auto Approve
0,0.0016234113,0,Low Risk,Auto Approve
0,0.0010715016,0,Low Risk,Auto Approve
0,0.09761757,10,Low Risk,Auto Approve
0,0.43404153,43,Medium Risk,Quick Verification
0,0.030525228,3,Low Risk,Auto Approve
0,0.05584131,6,Low Risk,Auto Approve
0,0.08377689,8,Low Risk,Auto Approve
0,0.0028099488,0,Low Risk,Auto Approve
0,0.1734698,17,Low Risk,Auto Approve
0,0.6210781,62,High Risk,Manual Investigation
0,0.0033207212,0,Low Risk,Auto Approve
0,0.0047706785,0,Low Risk,Auto Approve
0,0.0029220602,0,Low Risk,Auto Approve
0,0.014067753,1,Low Risk,Auto Approve
0,0.36448586,36,Medium Risk,Quick Verification
0,0.008093631,1,Low Risk,Auto Approve
0,0.6307072,63,High Risk,Manual Investigation
0,0.037128463,4,Low Risk,Auto Approve
0,0.675703,68,High Risk,Manual Investigation
0,0.6490183,65,High Risk,Manual Investigation
0,0.32867777,33,Medium Risk,Quick Verification
0,0.24106312,24,Low Risk,Auto Approve
0,0.7233407,72,High Risk,Manual Investigation
0,0.039924894,4,Low Risk,Auto Approve
0,0.40743604,41,Medium Risk,Quick Verification
0,0.0040631117,0,Low Risk,Auto Approve
0,0.0007620139,0,Low Risk,Auto Approve
0,0.0029702755,0,Low Risk,Auto Approve
0,0.0037479675,0,Low Risk,Auto Approve
0,0.07933987,8,Low Risk,Auto Approve
0,0.0760551,8,Low Risk,Auto Approve
0,0.011289521,1,Low Risk,Auto Approve
0,0.00027265845,0,Low Risk,Auto Approve
0,0.03632427,4,Low Risk,Auto Approve
0,0.004846842,0,Low Risk,Auto Approve
0,0.0077442764,1,Low Risk,Auto Approve
0,0.815739,82,Critical Risk,Fraud Investigation Team
0,0.0328939,3,Low Risk,Auto Approve
0,0.081834614,8,Low Risk,Auto Approve
0,1.5320467e-05,0,Low Risk,Auto Approve
0,0.003214053,0,Low Risk,Auto Approve
0,0.013593539,1,Low Risk,Auto Approve
0,0.006258854,1,Low Risk,Auto Approve
0,0.0013821431,0,Low Risk,Auto Approve
0,0.5190791,52,High Risk,Manual Investigation
0,0.12161086,12,Low Risk,Auto Approve
0,0.0042317063,0,Low Risk,Auto Approve
1,0.63711137,64,High Risk,Manual Investigation
0,0.49007386,49,Medium Risk,Quick Verification
0,0.39632055,40,Medium Risk,Quick Verification
0,0.0005719635,0,Low Risk,Auto Approve
0,0.0021412014,0,Low Risk,Auto Approve
0,0.00862862,1,Low Risk,Auto Approve
0,0.41976142,42,Medium Risk,Quick Verification
0,0.1401201,14,Low Risk,Auto Approve
0,0.001927362,0,Low Risk,Auto Approve
1,0.44774508,45,Medium Risk,Quick Verification
0,0.00023915316,0,Low Risk,Auto Approve
0,0.00036201655,0,Low Risk,Auto Approve
0,0.38766843,39,Medium Risk,Quick Verification
0,0.4008971,40,Medium Risk,Quick Verification
0,0.1915209,19,Low Risk,Auto Approve
0,0.029712072,3,Low Risk,Auto Approve
0,0.0017977803,0,Low Risk,Auto Approve
0,0.18991955,19,Low Risk,Auto Approve
0,0.0001705596,0,Low Risk,Auto Approve
0,0.03339495,3,Low Risk,Auto Approve
0,0.003159734,0,Low Risk,Auto Approve
1,0.040729053,4,Low Risk,Auto Approve
1,0.9018884,90,Critical Risk,Fraud Investigation Team
0,0.8997944,90,Critical Risk,Fraud Investigation Team
0,0.0016237368,0,Low Risk,Auto Approve
0,0.0019555097,0,Low Risk,Auto Approve
0,0.035388123,4,Low Risk,Auto Approve
0,0.22477424,22,Low Risk,Auto Approve
0,0.000611799,0,Low Risk,Auto Approve
0,0.737882,74,High Risk,Manual Investigation
0,0.044087846,4,Low Risk,Auto Approve
0,0.008243408,1,Low Risk,Auto Approve
0,0.10893228,11,Low Risk,Auto Approve
0,0.0068573873,1,Low Risk,Auto Approve
0,0.0021745688,0,Low Risk,Auto Approve
0,0.15427434,15,Low Risk,Auto Approve
0,0.0075822235,1,Low Risk,Auto Approve
0,0.00024255755,0,Low Risk,Auto Approve
0,0.35204604,35,Medium Risk,Quick Verification
0,0.46043995,46,Medium Risk,Quick Verification
0,0.69099706,69,High Risk,Manual Investigation
0,0.20412217,20,Low Risk,Auto Approve
0,0.02731917,3,Low Risk,Auto Approve
0,0.06707007,7,Low Risk,Auto Approve
0,0.03474071,3,Low Risk,Auto Approve
0,0.01891905,2,Low Risk,Auto Approve
0,0.0021377902,0,Low Risk,Auto Approve
0,0.022725591,2,Low Risk,Auto Approve
0,0.002648956,0,Low Risk,Auto Approve
0,0.06661514,7,Low Risk,Auto Approve
0,0.72024536,72,High Risk,Manual Investigation
0,0.01826881,2,Low Risk,Auto Approve
0,0.013827182,1,Low Risk,Auto Approve
0,0.047281448,5,Low Risk,Auto Approve
0,0.0002309685,0,Low Risk,Auto Approve
0,0.7362289,74,High Risk,Manual Investigation
0,0.00038544653,0,Low Risk,Auto Approve
0,0.035349917,4,Low Risk,Auto Approve
0,0.0066343783,1,Low Risk,Auto Approve
0,0.0032584686,0,Low Risk,Auto Approve
0,0.0063877003,1,Low Risk,Auto Approve
0,0.221712,22,Low Risk,Auto Approve
0,0.09600736,10,Low Risk,Auto Approve
0,0.21678981,22,Low Risk,Auto Approve
0,0.041007012,4,Low Risk,Auto Approve
0,0.00063349784,0,Low Risk,Auto Approve
0,0.5114005,51,High Risk,Manual Investigation
0,0.78416055,78,Critical Risk,Fraud Investigation Team
0,0.7086625,71,High Risk,Manual Investigation
0,0.42013043,42,Medium Risk,Quick Verification
0,0.002311973,0,Low Risk,Auto Approve
0,0.052403443,5,Low Risk,Auto Approve
0,0.09597225,10,Low Risk,Auto Approve
1,0.10721056,11,Low Risk,Auto Approve
0,0.024704829,2,Low Risk,Auto Approve
0,0.60097426,60,High Risk,Manual Investigation
0,0.107494645,11,Low Risk,Auto Approve
0,0.011867142,1,Low Risk,Auto Approve
0,0.77701604,78,Critical Risk,Fraud Investigation Team
0,0.0018581827,0,Low Risk,Auto Approve
0,7.2416995e-05,0,Low Risk,Auto Approve
0,0.3580117,36,Medium Risk,Quick Verification
0,0.26486003,26,Medium Risk,Quick Verification
0,0.4363386,44,Medium Risk,Quick Verification
0,0.8631601,86,Critical Risk,Fraud Investigation Team
0,0.002038621,0,Low Risk,Auto Approve
0,0.0040213075,0,Low Risk,Auto Approve
0,0.00950159,1,Low Risk,Auto Approve
0,0.0009615024,0,Low Risk,Auto Approve
0,0.47084486,47,Medium Risk,Quick Verification
0,0.00041793403,0,Low Risk,Auto Approve
0,0.0656848,7,Low Risk,Auto Approve
0,0.03906696,4,Low Risk,Auto Approve
0,0.015950093,2,Low Risk,Auto Approve
0,0.0027442635,0,Low Risk,Auto Approve
0,0.044248007,4,Low Risk,Auto Approve
0,0.5220841,52,High Risk,Manual Investigation
0,0.36331895,36,Medium Risk,Quick Verification
0,0.6579085,66,High Risk,Manual Investigation
0,0.8824644,88,Critical Risk,Fraud Investigation Team
0,0.0020844808,0,Low Risk,Auto Approve
0,0.429712,43,Medium Risk,Quick Verification
0,3.6814556e-05,0,Low Risk,Auto Approve
0,0.41932186,42,Medium Risk,Quick Verification
0,0.0021015273,0,Low Risk,Auto Approve
0,0.5961556,60,High Risk,Manual Investigation
0,0.013585759,1,Low Risk,Auto Approve
0,0.30780634,31,Medium Risk,Quick Verification
0,0.7881539,79,Critical Risk,Fraud Investigation Team
0,0.002390747,0,Low Risk,Auto Approve
0,0.018564014,2,Low Risk,Auto Approve
0,0.0013754114,0,Low Risk,Auto Approve
0,0.38096422,38,Medium Risk,Quick Verification
0,0.702806,70,High Risk,Manual Investigation
0,0.005794313,1,Low Risk,Auto Approve
0,0.0016923896,0,Low Risk,Auto Approve
0,0.00080614473,0,Low Risk,Auto Approve
0,8.649272e-05,0,Low Risk,Auto Approve
0,0.44742918,45,Medium Risk,Quick Verification
0,0.087140985,9,Low Risk,Auto Approve
0,0.5929215,59,High Risk,Manual Investigation
0,0.017593259,2,Low Risk,Auto Approve
0,0.00025247326,0,Low Risk,Auto Approve
0,0.00059655705,0,Low Risk,Auto Approve
0,0.0016766374,0,Low Risk,Auto Approve
0,0.003562167,0,Low Risk,Auto Approve
0,0.0022430378,0,Low Risk,Auto Approve
0,0.00066344,0,Low Risk,Auto Approve
0,0.3937963,39,Medium Risk,Quick Verification
0,0.0085151745,1,Low Risk,Auto Approve
0,0.00066807616,0,Low Risk,Auto Approve
0,0.0021651634,0,Low Risk,Auto Approve
0,0.50610065,51,High Risk,Manual Investigation
0,0.071931,7,Low Risk,Auto Approve
1,0.41062063,41,Medium Risk,Quick Verification
0,0.004175749,0,Low Risk,Auto Approve
1,0.9030385,90,Critical Risk,Fraud Investigation Team
0,0.8954533,90,Critical Risk,Fraud Investigation Team
0,0.46930027,47,Medium Risk,Quick Verification
0,0.27234098,27,Medium Risk,Quick Verification
0,0.023097774,2,Low Risk,Auto Approve
0,0.01870939,2,Low Risk,Auto Approve
0,0.0258482,3,Low Risk,Auto Approve
0,0.024240235,2,Low Risk,Auto Approve
0,0.034274317,3,Low Risk,Auto Approve
0,0.36497918,36,Medium Risk,Quick Verification
0,0.28569663,29,Medium Risk,Quick Verification
0,0.030748587,3,Low Risk,Auto Approve
0,0.012727777,1,Low Risk,Auto Approve
0,0.0074909893,1,Low Risk,Auto Approve
0,0.017773947,2,Low Risk,Auto Approve
0,0.70739996,71,High Risk,Manual Investigation
0,0.3163286,32,Medium Risk,Quick Verification
0,0.13193086,13,Low Risk,Auto Approve
0,0.00014256107,0,Low Risk,Auto Approve
0,0.005351471,1,Low Risk,Auto Approve
0,0.0020577875,0,Low Risk,Auto Approve
0,0.0006843216,0,Low Risk,Auto Approve
0,0.76173055,76,Critical Risk,Fraud Investigation Team
0,9.604955e-05,0,Low Risk,Auto Approve
0,0.5966033,60,High Risk,Manual Investigation
1,0.7092915,71,High Risk,Manual Investigation
0,0.00028028176,0,Low Risk,Auto Approve
0,0.035390962,4,Low Risk,Auto Approve
0,0.0015130198,0,Low Risk,Auto Approve
0,0.032044336,3,Low Risk,Auto Approve
0,0.4042856,40,Medium Risk,Quick Verification
0,0.00048008852,0,Low Risk,Auto Approve
0,0.0010963321,0,Low Risk,Auto Approve
0,0.24951784,25,Low Risk,Auto Approve
1,0.17045273,17,Low Risk,Auto Approve
1,0.39850992,40,Medium Risk,Quick Verification
0,0.46114534,46,Medium Risk,Quick Verification
0,0.00874045,1,Low Risk,Auto Approve
0,0.011203896,1,Low Risk,Auto Approve
0,0.0157784,2,Low Risk,Auto Approve
0,0.91733134,92,Critical Risk,Fraud Investigation Team
0,0.0039006209,0,Low Risk,Auto Approve
0,0.32550856,33,Medium Risk,Quick Verification
0,0.043348644,4,Low Risk,Auto Approve
0,0.0023060062,0,Low Risk,Auto Approve
0,0.48962796,49,Medium Risk,Quick Verification
0,0.0010152797,0,Low Risk,Auto Approve
0,0.044746354,4,Low Risk,Auto Approve
1,0.9835234,98,Critical Risk,Fraud Investigation Team
0,0.35029972,35,Medium Risk,Quick Verification
0,0.9635451,96,Critical Risk,Fraud Investigation Team
0,0.5570294,56,High Risk,Manual Investigation
0,0.054212824,5,Low Risk,Auto Approve
0,0.005399996,1,Low Risk,Auto Approve
0,0.18018964,18,Low Risk,Auto Approve
0,0.2463476,25,Low Risk,Auto Approve
0,0.0036707595,0,Low Risk,Auto Approve
0,0.058904044,6,Low Risk,Auto Approve
1,0.8688118,87,Critical Risk,Fraud Investigation Team
0,0.35752398,36,Medium Risk,Quick Verification
0,0.0013723348,0,Low Risk,Auto Approve
0,0.8666067,87,Critical Risk,Fraud Investigation Team
0,0.015687967,2,Low Risk,Auto Approve
0,0.0008239296,0,Low Risk,Auto Approve
0,0.3905426,39,Medium Risk,Quick Verification
0,0.011982695,1,Low Risk,Auto Approve
0,0.056412973,6,Low Risk,Auto Approve
0,0.09892176,10,Low Risk,Auto Approve
0,0.002660804,0,Low Risk,Auto Approve
0,0.009834159,1,Low Risk,Auto Approve
0,0.74911547,75,High Risk,Manual Investigation
0,0.08121477,8,Low Risk,Auto Approve
0,0.7008684,70,High Risk,Manual Investigation
0,0.00084934436,0,Low Risk,Auto Approve
0,0.044564795,4,Low Risk,Auto Approve
0,1.2108527e-05,0,Low Risk,Auto Approve
0,0.18973756,19,Low Risk,Auto Approve
0,0.007658504,1,Low Risk,Auto Approve
0,0.039515804,4,Low Risk,Auto Approve
0,0.1304346,13,Low Risk,Auto Approve
0,0.0074253813,1,Low Risk,Auto Approve
0,0.105008855,11,Low Risk,Auto Approve
1,0.56289214,56,High Risk,Manual Investigation
0,0.70620185,71,High Risk,Manual Investigation
1,0.8144854,81,Critical Risk,Fraud Investigation Team
0,0.00038904697,0,Low Risk,Auto Approve
0,0.07461903,7,Low Risk,Auto Approve
0,0.004743509,0,Low Risk,Auto Approve
1,0.06985524,7,Low Risk,Auto Approve
0,0.13337271,13,Low Risk,Auto Approve
0,0.117698215,12,Low Risk,Auto Approve
0,0.060328364,6,Low Risk,Auto Approve
0,0.0020637095,0,Low Risk,Auto Approve
0,0.00406961,0,Low Risk,Auto Approve
0,0.0014039449,0,Low Risk,Auto Approve
1,0.8848921,88,Critical Risk,Fraud Investigation Team
0,0.0077631143,1,Low Risk,Auto Approve
0,0.18491533,18,Low Risk,Auto Approve
0,0.004275183,0,Low Risk,Auto Approve
0,0.30932644,31,Medium Risk,Quick Verification
0,0.01637036,2,Low Risk,Auto Approve
0,0.0017323112,0,Low Risk,Auto Approve
0,0.00087534136,0,Low Risk,Auto Approve
0,0.0030334857,0,Low Risk,Auto Approve
0,0.0020742677,0,Low Risk,Auto Approve
0,0.0023778828,0,Low Risk,Auto Approve
0,0.076797806,8,Low Risk,Auto Approve
0,0.002778243,0,Low Risk,Auto Approve
0,0.8312467,83,Critical Risk,Fraud Investigation Team
0,0.63336205,63,High Risk,Manual Investigation
0,0.05597665,6,Low Risk,Auto Approve
0,0.028705178,3,Low Risk,Auto Approve
0,0.005903766,1,Low Risk,Auto Approve
0,0.0006924229,0,Low Risk,Auto Approve
0,0.005053449,1,Low Risk,Auto Approve
0,0.16293475,16,Low Risk,Auto Approve
1,0.7052585,71,High Risk,Manual Investigation
0,0.98624057,99,Critical Risk,Fraud Investigation Team
0,0.29690495,30,Medium Risk,Quick Verification
1,0.7149834,71,High Risk,Manual Investigation
0,0.010847312,1,Low Risk,Auto Approve
0,0.0018090087,0,Low Risk,Auto Approve
0,0.0012175263,0,Low Risk,Auto Approve
0,0.09627169,10,Low Risk,Auto Approve
0,0.0002752227,0,Low Risk,Auto Approve
0,0.0029551084,0,Low Risk,Auto Approve
0,0.0031198096,0,Low Risk,Auto Approve
0,0.044477947,4,Low Risk,Auto Approve
1,0.76787966,77,Critical Risk,Fraud Investigation Team
0,0.0025426683,0,Low Risk,Auto Approve
0,0.17154387,17,Low Risk,Auto Approve
0,0.0034573954,0,Low Risk,Auto Approve
0,0.22283098,22,Low Risk,Auto Approve
0,0.67946845,68,High Risk,Manual Investigation
0,0.007139881,1,Low Risk,Auto Approve
0,0.0024534762,0,Low Risk,Auto Approve
0,0.00013257742,0,Low Risk,Auto Approve
0,0.00047334374,0,Low Risk,Auto Approve
0,0.020119948,2,Low Risk,Auto Approve
0,0.03330226,3,Low Risk,Auto Approve
1,0.12606432,13,Low Risk,Auto Approve
0,0.14799841,15,Low Risk,Auto Approve
0,0.46340635,46,Medium Risk,Quick Verification
0,0.1597632,16,Low Risk,Auto Approve
0,0.66685134,67,High Risk,Manual Investigation
0,0.4348197,43,Medium Risk,Quick Verification
0,0.79912114,80,Critical Risk,Fraud Investigation Team
0,0.0013844998,0,Low Risk,Auto Approve
0,0.00549869,1,Low Risk,Auto Approve
0,0.0028527484,0,Low Risk,Auto Approve
0,0.00043160908,0,Low Risk,Auto Approve
0,0.7215129,72,High Risk,Manual Investigation
0,0.0010346383,0,Low Risk,Auto Approve
0,0.5491463,55,High Risk,Manual Investigation
0,0.035344865,4,Low Risk,Auto Approve
0,0.0034856545,0,Low Risk,Auto Approve
0,0.004739155,0,Low Risk,Auto Approve
0,0.009311846,1,Low Risk,Auto Approve
0,0.028995333,3,Low Risk,Auto Approve
0,0.009358184,1,Low Risk,Auto Approve
0,0.00012706981,0,Low Risk,Auto Approve
0,0.0042634746,0,Low Risk,Auto Approve
0,0.75654846,76,Critical Risk,Fraud Investigation Team
0,0.651646,65,High Risk,Manual Investigation
0,0.50816464,51,High Risk,Manual Investigation
0,0.013184705,1,Low Risk,Auto Approve
0,8.835228e-05,0,Low Risk,Auto Approve
0,0.35415617,35,Medium Risk,Quick Verification
0,0.057278935,6,Low Risk,Auto Approve
0,0.05566113,6,Low Risk,Auto Approve
0,0.23597422,24,Low Risk,Auto Approve
0,0.39267576,39,Medium Risk,Quick Verification
0,0.00016708016,0,Low Risk,Auto Approve
0,0.033219922,3,Low Risk,Auto Approve
0,0.6612878,66,High Risk,Manual Investigation
0,0.0004315007,0,Low Risk,Auto Approve
0,0.00057919533,0,Low Risk,Auto Approve
0,0.007911029,1,Low Risk,Auto Approve
0,0.16822302,17,Low Risk,Auto Approve
0,0.41574275,42,Medium Risk,Quick Verification
0,0.017823953,2,Low Risk,Auto Approve
0,0.04270322,4,Low Risk,Auto Approve
0,0.6056967,61,High Risk,Manual Investigation
0,0.008853198,1,Low Risk,Auto Approve
0,0.72037196,72,High Risk,Manual Investigation
0,0.024767062,2,Low Risk,Auto Approve
0,0.15458591,15,Low Risk,Auto Approve
0,0.8926871,89,Critical Risk,Fraud Investigation Team
1,0.5426815,54,High Risk,Manual Investigation
0,0.21376215,21,Low Risk,Auto Approve
0,0.0806171,8,Low Risk,Auto Approve
0,0.40359494,40,Medium Risk,Quick Verification
0,0.0021081765,0,Low Risk,Auto Approve
0,0.4162903,42,Medium Risk,Quick Verification
0,0.009229235,1,Low Risk,Auto Approve
0,6.6322726e-05,0,Low Risk,Auto Approve
0,0.0033161857,0,Low Risk,Auto Approve
0,0.053096514,5,Low Risk,Auto Approve
0,0.00253457,0,Low Risk,Auto Approve
0,0.1877705,19,Low Risk,Auto Approve
0,0.42701495,43,Medium Risk,Quick Verification
0,0.0036202178,0,Low Risk,Auto Approve
0,0.09486027,9,Low Risk,Auto Approve
0,0.099852145,10,Low Risk,Auto Approve
0,0.021088006,2,Low Risk,Auto Approve
0,0.009779779,1,Low Risk,Auto Approve
0,0.0019179435,0,Low Risk,Auto Approve
0,0.6758898,68,High Risk,Manual Investigation
0,0.107222915,11,Low Risk,Auto Approve
0,0.8869054,89,Critical Risk,Fraud Investigation Team
0,0.0056693596,1,Low Risk,Auto Approve
0,0.0011789611,0,Low Risk,Auto Approve
0,0.0011027209,0,Low Risk,Auto Approve
0,0.13305777,13,Low Risk,Auto Approve
0,0.0018955835,0,Low Risk,Auto Approve
0,0.43389884,43,Medium Risk,Quick Verification
0,0.1699662,17,Low Risk,Auto Approve
0,0.32203418,32,Medium Risk,Quick Verification
0,0.09352035,9,Low Risk,Auto Approve
0,0.095454074,10,Low Risk,Auto Approve
0,0.016647171,2,Low Risk,Auto Approve
0,0.62790465,63,High Risk,Manual Investigation
0,0.026152868,3,Low Risk,Auto Approve
0,0.0035909044,0,Low Risk,Auto Approve
0,0.0014882875,0,Low Risk,Auto Approve
0,0.0005079819,0,Low Risk,Auto Approve
0,0.78956616,79,Critical Risk,Fraud Investigation Team
0,0.0048335665,0,Low Risk,Auto Approve
0,0.14339249,14,Low Risk,Auto Approve
0,0.00034719336,0,Low Risk,Auto Approve
0,0.79449385,79,Critical Risk,Fraud Investigation Team
0,0.5617391,56,High Risk,Manual Investigation
0,0.05145298,5,Low Risk,Auto Approve
0,0.0028875798,0,Low Risk,Auto Approve
1,0.022722866,2,Low Risk,Auto Approve
1,0.40654117,41,Medium Risk,Quick Verification
0,0.0076149125,1,Low Risk,Auto Approve
0,0.7810697,78,Critical Risk,Fraud Investigation Team
0,0.2635541,26,Medium Risk,Quick Verification
0,0.011613136,1,Low Risk,Auto Approve
0,0.00065426185,0,Low Risk,Auto Approve
0,0.13436852,13,Low Risk,Auto Approve
0,0.0041520423,0,Low Risk,Auto Approve
0,0.2973807,30,Medium Risk,Quick Verification
0,0.5043866,50,Medium Risk,Quick Verification
1,0.8336082,83,Critical Risk,Fraud Investigation Team
0,0.002918278,0,Low Risk,Auto Approve
0,0.014510669,1,Low Risk,Auto Approve
0,0.010543016,1,Low Risk,Auto Approve
0,0.003784992,0,Low Risk,Auto Approve
0,0.69173485,69,High Risk,Manual Investigation
1,0.84945333,85,Critical Risk,Fraud Investigation Team
0,0.0073360694,1,Low Risk,Auto Approve
0,0.002403292,0,Low Risk,Auto Approve
0,0.04868654,5,Low Risk,Auto Approve
0,0.00047490658,0,Low Risk,Auto Approve
0,0.41028535,41,Medium Risk,Quick Verification
0,0.09750204,10,Low Risk,Auto Approve
0,0.008757898,1,Low Risk,Auto Approve
0,0.74942476,75,High Risk,Manual Investigation
0,0.0010076411,0,Low Risk,Auto Approve
0,0.022939773,2,Low Risk,Auto Approve
0,0.0036978072,0,Low Risk,Auto Approve
0,0.00024048804,0,Low Risk,Auto Approve
0,0.079568796,8,Low Risk,Auto Approve
0,0.0043517062,0,Low Risk,Auto Approve
0,0.06568559,7,Low Risk,Auto Approve
0,5.8768648e-05,0,Low Risk,Auto Approve
0,0.16213544,16,Low Risk,Auto Approve
0,0.15340611,15,Low Risk,Auto Approve
1,0.5473212,55,High Risk,Manual Investigation
0,0.00055727287,0,Low Risk,Auto Approve
0,0.15174288,15,Low Risk,Auto Approve
0,0.00079822325,0,Low Risk,Auto Approve
1,0.031966735,3,Low Risk,Auto Approve
0,0.00090265437,0,Low Risk,Auto Approve
0,0.005861756,1,Low Risk,Auto Approve
0,0.5450677,55,High Risk,Manual Investigation
0,0.4332224,43,Medium Risk,Quick Verification
0,0.01782706,2,Low Risk,Auto Approve
0,0.0011629858,0,Low Risk,Auto Approve
0,0.7666332,77,Critical Risk,Fraud Investigation Team
0,0.0031687403,0,Low Risk,Auto Approve
0,0.010826453,1,Low Risk,Auto Approve
0,0.01665394,2,Low Risk,Auto Approve
0,0.0044161784,0,Low Risk,Auto Approve
1,0.8538063,85,Critical Risk,Fraud Investigation Team
0,0.0040675155,0,Low Risk,Auto Approve
0,0.044011746,4,Low Risk,Auto Approve
0,0.0028037038,0,Low Risk,Auto Approve
0,0.8263329,83,Critical Risk,Fraud Investigation Team
0,0.0095828315,1,Low Risk,Auto Approve
0,0.0005564807,0,Low Risk,Auto Approve
0,0.3283809,33,Medium Risk,Quick Verification
0,0.5558976,56,High Risk,Manual Investigation
0,0.116712734,12,Low Risk,Auto Approve
0,0.043931134,4,Low Risk,Auto Approve
0,0.0001538611,0,Low Risk,Auto Approve
0,0.0074959444,1,Low Risk,Auto Approve
0,0.0045361705,0,Low Risk,Auto Approve
0,0.0028807316,0,Low Risk,Auto Approve
0,3.809951e-05,0,Low Risk,Auto Approve
0,0.00041512478,0,Low Risk,Auto Approve
0,0.13344891,13,Low Risk,Auto Approve
0,0.015515392,2,Low Risk,Auto Approve
0,0.39648607,40,Medium Risk,Quick Verification
0,0.0019522746,0,Low Risk,Auto Approve
0,0.38474205,38,Medium Risk,Quick Verification
0,0.000497993,0,Low Risk,Auto Approve
0,0.006576484,1,Low Risk,Auto Approve
0,0.21810146,22,Low Risk,Auto Approve
0,0.51517075,52,High Risk,Manual Investigation
0,0.00044769185,0,Low Risk,Auto Approve
0,0.22265989,22,Low Risk,Auto Approve
0,0.17455855,17,Low Risk,Auto Approve
0,0.69316113,69,High Risk,Manual Investigation
0,0.0006122418,0,Low Risk,Auto Approve
0,0.00029157376,0,Low Risk,Auto Approve
0,0.00093979784,0,Low Risk,Auto Approve
0,0.31047875,31,Medium Risk,Quick Verification
0,0.00036130284,0,Low Risk,Auto Approve
0,0.0019767531,0,Low Risk,Auto Approve
0,0.8613719,86,Critical Risk,Fraud Investigation Team
0,0.008617658,1,Low Risk,Auto Approve
0,0.40757993,41,Medium Risk,Quick Verification
1,0.4453388,45,Medium Risk,Quick Verification
0,0.0045339703,0,Low Risk,Auto Approve
0,0.108824424,11,Low Risk,Auto Approve
0,0.08733845,9,Low Risk,Auto Approve
0,0.5553009,56,High Risk,Manual Investigation
0,0.72769284,73,High Risk,Manual Investigation
0,0.0045402288,0,Low Risk,Auto Approve
0,0.0038677943,0,Low Risk,Auto Approve
0,0.044521876,4,Low Risk,Auto Approve
0,0.65211016,65,High Risk,Manual Investigation
0,0.035746112,4,Low Risk,Auto Approve
0,0.016984928,2,Low Risk,Auto Approve
0,0.03024836,3,Low Risk,Auto Approve
0,0.2832081,28,Medium Risk,Quick Verification
0,0.5080686,51,High Risk,Manual Investigation
0,0.088562146,9,Low Risk,Auto Approve
0,0.11978213,12,Low Risk,Auto Approve
0,0.25003412,25,Low Risk,Auto Approve
0,0.14461361,14,Low Risk,Auto Approve
0,0.56058586,56,High Risk,Manual Investigation
0,0.788868,79,Critical Risk,Fraud Investigation Team
0,0.01380393,1,Low Risk,Auto Approve
0,0.52308404,52,High Risk,Manual Investigation
0,0.27321115,27,Medium Risk,Quick Verification
0,4.720447e-05,0,Low Risk,Auto Approve
0,0.0019000581,0,Low Risk,Auto Approve
0,0.09678515,10,Low Risk,Auto Approve
0,0.0019476385,0,Low Risk,Auto Approve
1,0.54274595,54,High Risk,Manual Investigation
0,0.5181418,52,High Risk,Manual Investigation
0,0.54130465,54,High Risk,Manual Investigation
0,0.02363984,2,Low Risk,Auto Approve
0,0.0001897015,0,Low Risk,Auto Approve
0,0.23894063,24,Low Risk,Auto Approve
0,0.0009878479,0,Low Risk,Auto Approve
0,0.002647632,0,Low Risk,Auto Approve
0,0.2170779,22,Low Risk,Auto Approve
0,0.20601593,21,Low Risk,Auto Approve
0,0.08240713,8,Low Risk,Auto Approve
0,0.010336627,1,Low Risk,Auto Approve
0,0.30335072,30,Medium Risk,Quick Verification
0,0.7302235,73,High Risk,Manual Investigation
0,0.5810523,58,High Risk,Manual Investigation
0,0.00034350445,0,Low Risk,Auto Approve
0,0.0047160857,0,Low Risk,Auto Approve
0,0.00016074633,0,Low Risk,Auto Approve
0,0.079688065,8,Low Risk,Auto Approve
1,0.719398,72,High Risk,Manual Investigation
0,0.0054108477,1,Low Risk,Auto Approve
0,0.0022652273,0,Low Risk,Auto Approve
0,0.009426057,1,Low Risk,Auto Approve
0,0.01743946,2,Low Risk,Auto Approve
0,0.15346894,15,Low Risk,Auto Approve
0,0.00010053639,0,Low Risk,Auto Approve
0,0.45356587,45,Medium Risk,Quick Verification
0,0.43345922,43,Medium Risk,Quick Verification
0,0.0018436743,0,Low Risk,Auto Approve
0,0.75619507,76,Critical Risk,Fraud Investigation Team
0,0.0061751665,1,Low Risk,Auto Approve
0,0.0008410897,0,Low Risk,Auto Approve
0,0.06530351,7,Low Risk,Auto Approve
0,0.10798637,11,Low Risk,Auto Approve
0,0.9202318,92,Critical Risk,Fraud Investigation Team
0,0.77340734,77,Critical Risk,Fraud Investigation Team
0,0.007856275,1,Low Risk,Auto Approve
0,0.01691757,2,Low Risk,Auto Approve
0,0.109119356,11,Low Risk,Auto Approve
0,0.0019371344,0,Low Risk,Auto Approve
0,0.12069993,12,Low Risk,Auto Approve
0,0.22198275,22,Low Risk,Auto Approve
0,0.00029315226,0,Low Risk,Auto Approve
1,0.54982203,55,High Risk,Manual Investigation
0,0.0005529791,0,Low Risk,Auto Approve
0,0.7781759,78,Critical Risk,Fraud Investigation Team
0,0.16981754,17,Low Risk,Auto Approve
1,0.18194717,18,Low Risk,Auto Approve
0,0.034292568,3,Low Risk,Auto Approve
0,0.00047473976,0,Low Risk,Auto Approve
0,0.047920953,5,Low Risk,Auto Approve
0,0.08311262,8,Low Risk,Auto Approve
0,0.4337732,43,Medium Risk,Quick Verification
0,0.0030596708,0,Low Risk,Auto Approve
0,0.0028439844,0,Low Risk,Auto Approve
0,0.38237274,38,Medium Risk,Quick Verification
0,0.0030461838,0,Low Risk,Auto Approve
0,0.0008827875,0,Low Risk,Auto Approve
0,0.019274978,2,Low Risk,Auto Approve
0,0.01179062,1,Low Risk,Auto Approve
0,0.0076137413,1,Low Risk,Auto Approve
0,0.0026286507,0,Low Risk,Auto Approve
0,0.0024886713,0,Low Risk,Auto Approve
0,0.08963691,9,Low Risk,Auto Approve
0,0.00038184537,0,Low Risk,Auto Approve
0,0.0033087928,0,Low Risk,Auto Approve
1,0.48878703,49,Medium Risk,Quick Verification
0,0.032296818,3,Low Risk,Auto Approve
0,0.0788159,8,Low Risk,Auto Approve
0,0.008371629,1,Low Risk,Auto Approve
0,0.031020826,3,Low Risk,Auto Approve
1,0.58113605,58,High Risk,Manual Investigation
0,0.21189591,21,Low Risk,Auto Approve
0,0.0008396463,0,Low Risk,Auto Approve
0,0.055868108,6,Low Risk,Auto Approve
0,0.3213003,32,Medium Risk,Quick Verification
0,0.010318078,1,Low Risk,Auto Approve
0,0.05253907,5,Low Risk,Auto Approve
0,0.00062005105,0,Low Risk,Auto Approve
0,0.7864707,79,Critical Risk,Fraud Investigation Team
0,0.19196118,19,Low Risk,Auto Approve
0,0.0009204372,0,Low Risk,Auto Approve
0,0.028666614,3,Low Risk,Auto Approve
0,0.48935252,49,Medium Risk,Quick Verification
0,0.48437467,48,Medium Risk,Quick Verification
0,0.45604476,46,Medium Risk,Quick Verification
0,0.052912552,5,Low Risk,Auto Approve
0,0.41940558,42,Medium Risk,Quick Verification
0,0.41867328,42,Medium Risk,Quick Verification
0,0.0053763534,1,Low Risk,Auto Approve
0,0.030566879,3,Low Risk,Auto Approve
0,0.001447579,0,Low Risk,Auto Approve
0,0.0026526041,0,Low Risk,Auto Approve
0,0.029005652,3,Low Risk,Auto Approve
0,0.052625112,5,Low Risk,Auto Approve
0,0.20116983,20,Low Risk,Auto Approve
0,8.673447e-05,0,Low Risk,Auto Approve
0,0.0002101496,0,Low Risk,Auto Approve
0,0.24801202,25,Low Risk,Auto Approve
0,0.04664107,5,Low Risk,Auto Approve
0,0.012401392,1,Low Risk,Auto Approve
0,0.009024223,1,Low Risk,Auto Approve
0,0.05627637,6,Low Risk,Auto Approve
0,0.08007691,8,Low Risk,Auto Approve
0,0.5684434,57,High Risk,Manual Investigation
0,0.04273278,4,Low Risk,Auto Approve
0,0.008517945,1,Low Risk,Auto Approve
0,0.21245864,21,Low Risk,Auto Approve
0,0.6852447,69,High Risk,Manual Investigation
0,0.24744464,25,Low Risk,Auto Approve
0,0.15853287,16,Low Risk,Auto Approve
0,0.53014225,53,High Risk,Manual Investigation
0,0.51250726,51,High Risk,Manual Investigation
0,0.010327529,1,Low Risk,Auto Approve
1,0.1454414,15,Low Risk,Auto Approve
1,0.5966361,60,High Risk,Manual Investigation
0,0.02428161,2,Low Risk,Auto Approve
0,0.12638934,13,Low Risk,Auto Approve
0,0.0027704847,0,Low Risk,Auto Approve
0,0.0009953727,0,Low Risk,Auto Approve
0,0.72388697,72,High Risk,Manual Investigation
0,0.04616274,5,Low Risk,Auto Approve
1,0.4893072,49,Medium Risk,Quick Verification
0,0.00059109763,0,Low Risk,Auto Approve
0,0.8301643,83,Critical Risk,Fraud Investigation Team
0,0.0009176505,0,Low Risk,Auto Approve
0,0.24716307,25,Low Risk,Auto Approve
0,0.00056086254,0,Low Risk,Auto Approve
0,0.25679612,26,Medium Risk,Quick Verification
0,0.018006286,2,Low Risk,Auto Approve
0,0.05832889,6,Low Risk,Auto Approve
0,0.023262907,2,Low Risk,Auto Approve
0,0.00038476114,0,Low Risk,Auto Approve
0,0.32254964,32,Medium Risk,Quick Verification
0,0.027116088,3,Low Risk,Auto Approve
0,0.37055966,37,Medium Risk,Quick Verification
0,0.00018895937,0,Low Risk,Auto Approve
0,0.007078362,1,Low Risk,Auto Approve
0,0.41751984,42,Medium Risk,Quick Verification
0,0.055142082,6,Low Risk,Auto Approve
0,0.14513557,15,Low Risk,Auto Approve
0,0.017194299,2,Low Risk,Auto Approve
0,0.004628066,0,Low Risk,Auto Approve
0,0.0018704606,0,Low Risk,Auto Approve
1,0.16965918,17,Low Risk,Auto Approve
0,0.0010190338,0,Low Risk,Auto Approve
0,0.00024015582,0,Low Risk,Auto Approve
1,0.27384242,27,Medium Risk,Quick Verification
0,0.0008334661,0,Low Risk,Auto Approve
0,0.00817356,1,Low Risk,Auto Approve
0,0.1915152,19,Low Risk,Auto Approve
0,0.03293481,3,Low Risk,Auto Approve
0,0.00512599,1,Low Risk,Auto Approve
0,0.00010846806,0,Low Risk,Auto Approve
1,0.7842695,78,Critical Risk,Fraud Investigation Team
0,0.0020143373,0,Low Risk,Auto Approve
0,0.048901908,5,Low Risk,Auto Approve
0,0.27929908,28,Medium Risk,Quick Verification
0,0.09651856,10,Low Risk,Auto Approve
0,0.040041447,4,Low Risk,Auto Approve
0,0.0016167577,0,Low Risk,Auto Approve
0,0.0027292517,0,Low Risk,Auto Approve
0,0.2207784,22,Low Risk,Auto Approve
0,0.008621745,1,Low Risk,Auto Approve
0,0.00073253264,0,Low Risk,Auto Approve
0,0.0024632157,0,Low Risk,Auto Approve
0,1.3811037e-06,0,Low Risk,Auto Approve
0,0.2801493,28,Medium Risk,Quick Verification
0,0.0037349588,0,Low Risk,Auto Approve
0,0.20720823,21,Low Risk,Auto Approve
0,0.0019070014,0,Low Risk,Auto Approve
0,0.019538864,2,Low Risk,Auto Approve
1,0.9341454,93,Critical Risk,Fraud Investigation Team
0,0.6037146,60,High Risk,Manual Investigation
0,0.038871843,4,Low Risk,Auto Approve
0,0.011238322,1,Low Risk,Auto Approve
0,0.0011897066,0,Low Risk,Auto Approve
0,0.0007660803,0,Low Risk,Auto Approve
0,0.010428381,1,Low Risk,Auto Approve
0,0.0008348436,0,Low Risk,Auto Approve
0,0.650961,65,High Risk,Manual Investigation
0,0.00072630896,0,Low Risk,Auto Approve
0,0.6523762,65,High Risk,Manual Investigation
0,0.0038888466,0,Low Risk,Auto Approve
0,0.41296697,41,Medium Risk,Quick Verification
0,0.074051164,7,Low Risk,Auto Approve
0,0.11436258,11,Low Risk,Auto Approve
0,0.6384247,64,High Risk,Manual Investigation
0,0.0059741708,1,Low Risk,Auto Approve
0,0.00096056104,0,Low Risk,Auto Approve
0,0.0066020065,1,Low Risk,Auto Approve
0,0.0032250893,0,Low Risk,Auto Approve
0,0.096097305,10,Low Risk,Auto Approve
0,0.0034697112,0,Low Risk,Auto Approve
0,0.007179597,1,Low Risk,Auto Approve
0,0.44388175,44,Medium Risk,Quick Verification
0,0.025756,3,Low Risk,Auto Approve
0,0.32506907,33,Medium Risk,Quick Verification
0,0.00070347346,0,Low Risk,Auto Approve
0,0.0069260914,1,Low Risk,Auto Approve
0,0.4739075,47,Medium Risk,Quick Verification
0,0.23900378,24,Low Risk,Auto Approve
0,0.07395421,7,Low Risk,Auto Approve
0,0.3718023,37,Medium Risk,Quick Verification
0,0.018717004,2,Low Risk,Auto Approve
0,0.051792167,5,Low Risk,Auto Approve
0,0.001466913,0,Low Risk,Auto Approve
0,0.0019002779,0,Low Risk,Auto Approve
0,0.009565212,1,Low Risk,Auto Approve
0,0.032332208,3,Low Risk,Auto Approve
0,0.046613198,5,Low Risk,Auto Approve
0,0.0026121743,0,Low Risk,Auto Approve
0,0.0067517683,1,Low Risk,Auto Approve
1,0.10060123,10,Low Risk,Auto Approve
0,0.00019600839,0,Low Risk,Auto Approve
0,0.5862532,59,High Risk,Manual Investigation
0,0.74290055,74,High Risk,Manual Investigation
0,0.36169916,36,Medium Risk,Quick Verification
0,0.016839104,2,Low Risk,Auto Approve
0,0.014431024,1,Low Risk,Auto Approve
0,0.72658205,73,High Risk,Manual Investigation
0,0.0043827216,0,Low Risk,Auto Approve
0,0.8480977,85,Critical Risk,Fraud Investigation Team
0,0.5155931,52,High Risk,Manual Investigation
0,0.0029985611,0,Low Risk,Auto Approve
0,0.0059122317,1,Low Risk,Auto Approve
0,0.019029103,2,Low Risk,Auto Approve
0,0.00709912,1,Low Risk,Auto Approve
0,0.0065528904,1,Low Risk,Auto Approve
0,0.0011144578,0,Low Risk,Auto Approve
0,0.0020226655,0,Low Risk,Auto Approve
0,0.002151854,0,Low Risk,Auto Approve
0,0.5486179,55,High Risk,Manual Investigation
0,0.62627774,63,High Risk,Manual Investigation
0,0.027147261,3,Low Risk,Auto Approve
0,0.2750809,28,Medium Risk,Quick Verification
0,0.82862645,83,Critical Risk,Fraud Investigation Team
0,0.05693222,6,Low Risk,Auto Approve
0,0.01922473,2,Low Risk,Auto Approve
0,0.0008854934,0,Low Risk,Auto Approve
0,0.49620938,50,Medium Risk,Quick Verification
0,0.50145316,50,Medium Risk,Quick Verification
0,0.013525314,1,Low Risk,Auto Approve
0,0.0013416167,0,Low Risk,Auto Approve
0,0.8172014,82,Critical Risk,Fraud Investigation Team
0,0.6777221,68,High Risk,Manual Investigation
0,0.0076159434,1,Low Risk,Auto Approve
0,0.005228487,1,Low Risk,Auto Approve
0,0.0006691387,0,Low Risk,Auto Approve
0,0.021304853,2,Low Risk,Auto Approve
0,0.00016461968,0,Low Risk,Auto Approve
0,0.0043440647,0,Low Risk,Auto Approve
0,0.03040849,3,Low Risk,Auto Approve
1,0.7601886,76,Critical Risk,Fraud Investigation Team
0,0.024577696,2,Low Risk,Auto Approve
0,0.004005215,0,Low Risk,Auto Approve
0,0.096215874,10,Low Risk,Auto Approve
0,0.7980292,80,Critical Risk,Fraud Investigation Team
0,0.00029696163,0,Low Risk,Auto Approve
0,0.0022480183,0,Low Risk,Auto Approve
0,0.09270362,9,Low Risk,Auto Approve
0,3.6995418e-05,0,Low Risk,Auto Approve
0,0.010190554,1,Low Risk,Auto Approve
0,0.0028381879,0,Low Risk,Auto Approve
0,0.0066092787,1,Low Risk,Auto Approve
0,0.0483483,5,Low Risk,Auto Approve
0,0.0043359115,0,Low Risk,Auto Approve
0,0.082718484,8,Low Risk,Auto Approve
0,0.0035800338,0,Low Risk,Auto Approve
0,0.00031367835,0,Low Risk,Auto Approve
0,0.00447724,0,Low Risk,Auto Approve
0,0.5390095,54,High Risk,Manual Investigation
0,0.40798384,41,Medium Risk,Quick Verification
0,0.038668852,4,Low Risk,Auto Approve
1,0.72275764,72,High Risk,Manual Investigation
0,0.0012225204,0,Low Risk,Auto Approve
0,0.009844821,1,Low Risk,Auto Approve
0,0.35564527,36,Medium Risk,Quick Verification
0,0.32116178,32,Medium Risk,Quick Verification
0,0.0052290126,1,Low Risk,Auto Approve
0,0.010265244,1,Low Risk,Auto Approve
0,0.7319478,73,High Risk,Manual Investigation
0,0.0053022997,1,Low Risk,Auto Approve
0,0.24842238,25,Low Risk,Auto Approve
0,0.0014237128,0,Low Risk,Auto Approve
0,0.0018202091,0,Low Risk,Auto Approve
0,0.14780706,15,Low Risk,Auto Approve
0,0.6936465,69,High Risk,Manual Investigation
0,0.8371881,84,Critical Risk,Fraud Investigation Team
0,0.108286366,11,Low Risk,Auto Approve
0,0.002520478,0,Low Risk,Auto Approve
0,0.7249461,72,High Risk,Manual Investigation
0,0.000900484,0,Low Risk,Auto Approve
0,0.6873054,69,High Risk,Manual Investigation
0,0.22795056,23,Low Risk,Auto Approve
0,0.5264067,53,High Risk,Manual Investigation
0,0.0010109311,0,Low Risk,Auto Approve
0,0.014465591,1,Low Risk,Auto Approve
0,0.029275864,3,Low Risk,Auto Approve
0,0.002426106,0,Low Risk,Auto Approve
0,0.46143293,46,Medium Risk,Quick Verification
0,0.0019333657,0,Low Risk,Auto Approve
0,0.0048795096,0,Low Risk,Auto Approve
0,0.028597355,3,Low Risk,Auto Approve
0,0.0005242067,0,Low Risk,Auto Approve
0,0.73716193,74,High Risk,Manual Investigation
0,0.00029293235,0,Low Risk,Auto Approve
1,0.7675806,77,Critical Risk,Fraud Investigation Team
0,0.017477652,2,Low Risk,Auto Approve
0,7.392939e-05,0,Low Risk,Auto Approve
0,6.523151e-05,0,Low Risk,Auto Approve
0,0.07115035,7,Low Risk,Auto Approve
0,0.6681803,67,High Risk,Manual Investigation
0,0.06898537,7,Low Risk,Auto Approve
0,0.5569975,56,High Risk,Manual Investigation
0,0.0007721176,0,Low Risk,Auto Approve
1,0.9043122,90,Critical Risk,Fraud Investigation Team
0,0.0065413625,1,Low Risk,Auto Approve
0,0.0014018493,0,Low Risk,Auto Approve
1,0.4946485,49,Medium Risk,Quick Verification
0,0.06221221,6,Low Risk,Auto Approve
0,0.021454735,2,Low Risk,Auto Approve
0,0.011735893,1,Low Risk,Auto Approve
0,0.48490578,48,Medium Risk,Quick Verification
0,0.034894075,3,Low Risk,Auto Approve
0,0.5179241,52,High Risk,Manual Investigation
0,0.08762691,9,Low Risk,Auto Approve
0,0.0836277,8,Low Risk,Auto Approve
0,0.001193659,0,Low Risk,Auto Approve
0,0.0006689885,0,Low Risk,Auto Approve
0,0.0021174205,0,Low Risk,Auto Approve
0,0.0021961806,0,Low Risk,Auto Approve
0,0.7496141,75,High Risk,Manual Investigation
0,0.0072713676,1,Low Risk,Auto Approve
0,0.018460425,2,Low Risk,Auto Approve
0,0.00064241054,0,Low Risk,Auto Approve
0,0.3162208,32,Medium Risk,Quick Verification
0,2.9173998e-05,0,Low Risk,Auto Approve
0,0.20901754,21,Low Risk,Auto Approve
0,0.0006746806,0,Low Risk,Auto Approve
0,0.60091597,60,High Risk,Manual Investigation
0,0.015776688,2,Low Risk,Auto Approve
0,0.0016929987,0,Low Risk,Auto Approve
0,0.009064416,1,Low Risk,Auto Approve
0,0.6379445,64,High Risk,Manual Investigation
0,0.027169554,3,Low Risk,Auto Approve
1,0.32814503,33,Medium Risk,Quick Verification
0,0.0032898115,0,Low Risk,Auto Approve
0,0.35265088,35,Medium Risk,Quick Verification
0,0.107833855,11,Low Risk,Auto Approve
0,0.004839008,0,Low Risk,Auto Approve
0,0.0722603,7,Low Risk,Auto Approve
0,0.6105012,61,High Risk,Manual Investigation
0,0.27191213,27,Medium Risk,Quick Verification
0,0.18689749,19,Low Risk,Auto Approve
0,0.00010357807,0,Low Risk,Auto Approve
0,0.00050542067,0,Low Risk,Auto Approve
0,0.43472922,43,Medium Risk,Quick Verification
0,0.09997865,10,Low Risk,Auto Approve
0,0.00012660332,0,Low Risk,Auto Approve
0,0.00936377,1,Low Risk,Auto Approve
0,0.13136315,13,Low Risk,Auto Approve
0,0.87104243,87,Critical Risk,Fraud Investigation Team
0,0.0001306159,0,Low Risk,Auto Approve
0,0.003737055,0,Low Risk,Auto Approve
0,0.062963605,6,Low Risk,Auto Approve
0,0.8107662,81,Critical Risk,Fraud Investigation Team
0,0.76260304,76,Critical Risk,Fraud Investigation Team
0,0.5403387,54,High Risk,Manual Investigation
0,0.03889215,4,Low Risk,Auto Approve
0,0.054235775,5,Low Risk,Auto Approve
0,0.06256434,6,Low Risk,Auto Approve
0,0.020919345,2,Low Risk,Auto Approve
0,0.7546073,75,High Risk,Manual Investigation
0,0.27669823,28,Medium Risk,Quick Verification
0,0.28355044,28,Medium Risk,Quick Verification
0,0.46081787,46,Medium Risk,Quick Verification
0,0.018501263,2,Low Risk,Auto Approve
0,0.062219895,6,Low Risk,Auto Approve
0,0.0009094203,0,Low Risk,Auto Approve
0,0.22841007,23,Low Risk,Auto Approve
0,0.0007818048,0,Low Risk,Auto Approve
1,0.56057674,56,High Risk,Manual Investigation
0,0.0063891835,1,Low Risk,Auto Approve
0,0.00043253417,0,Low Risk,Auto Approve
0,0.0078834575,1,Low Risk,Auto Approve
0,0.9059814,91,Critical Risk,Fraud Investigation Team
0,0.94015026,94,Critical Risk,Fraud Investigation Team
1,0.28351814,28,Medium Risk,Quick Verification
0,0.76116896,76,Critical Risk,Fraud Investigation Team
0,0.01872266,2,Low Risk,Auto Approve
0,0.5112655,51,High Risk,Manual Investigation
0,0.011733138,1,Low Risk,Auto Approve
0,0.012950983,1,Low Risk,Auto Approve
0,0.0053579668,1,Low Risk,Auto Approve
0,0.20391716,20,Low Risk,Auto Approve
0,0.0028879081,0,Low Risk,Auto Approve
0,0.011287903,1,Low Risk,Auto Approve
0,0.038969,4,Low Risk,Auto Approve
0,0.003398734,0,Low Risk,Auto Approve
0,0.113789484,11,Low Risk,Auto Approve
0,0.061001875,6,Low Risk,Auto Approve
0,0.67457855,67,High Risk,Manual Investigation
0,0.00012228881,0,Low Risk,Auto Approve
0,0.00010907816,0,Low Risk,Auto Approve
0,0.11374684,11,Low Risk,Auto Approve
0,0.8744461,87,Critical Risk,Fraud Investigation Team
0,0.43426085,43,Medium Risk,Quick Verification
0,0.01223176,1,Low Risk,Auto Approve
0,0.7366147,74,High Risk,Manual Investigation
0,0.060105015,6,Low Risk,Auto Approve
0,0.8488684,85,Critical Risk,Fraud Investigation Team
0,0.022220438,2,Low Risk,Auto Approve
1,0.8273659,83,Critical Risk,Fraud Investigation Team
0,0.015569549,2,Low Risk,Auto Approve
0,0.30292758,30,Medium Risk,Quick Verification
0,0.13178347,13,Low Risk,Auto Approve
0,0.047906008,5,Low Risk,Auto Approve
0,0.03474543,3,Low Risk,Auto Approve
0,0.4620224,46,Medium Risk,Quick Verification
1,0.028891444,3,Low Risk,Auto Approve
0,0.36368236,36,Medium Risk,Quick Verification
0,0.8164151,82,Critical Risk,Fraud Investigation Team
0,0.004435527,0,Low Risk,Auto Approve
0,0.5010615,50,Medium Risk,Quick Verification
0,0.4693977,47,Medium Risk,Quick Verification
0,0.60733527,61,High Risk,Manual Investigation
0,0.0012544404,0,Low Risk,Auto Approve
0,0.07085529,7,Low Risk,Auto Approve
0,0.22592902,23,Low Risk,Auto Approve
0,0.029580127,3,Low Risk,Auto Approve
0,0.095417,10,Low Risk,Auto Approve
0,0.86824805,87,Critical Risk,Fraud Investigation Team
0,0.070398115,7,Low Risk,Auto Approve
1,0.4038829,40,Medium Risk,Quick Verification
0,0.2561445,26,Medium Risk,Quick Verification
0,0.0006931587,0,Low Risk,Auto Approve
0,0.6656095,67,High Risk,Manual Investigation
0,0.011388408,1,Low Risk,Auto Approve
0,0.023951469,2,Low Risk,Auto Approve
0,0.0017794754,0,Low Risk,Auto Approve
0,0.0036162038,0,Low Risk,Auto Approve
0,0.0034316091,0,Low Risk,Auto Approve
0,0.006556887,1,Low Risk,Auto Approve
0,0.003620299,0,Low Risk,Auto Approve
0,0.00032766207,0,Low Risk,Auto Approve
0,0.052072935,5,Low Risk,Auto Approve
0,9.467634e-05,0,Low Risk,Auto Approve
0,0.005050705,1,Low Risk,Auto Approve
0,0.00033952168,0,Low Risk,Auto Approve
0,0.0021912428,0,Low Risk,Auto Approve
0,0.0027194952,0,Low Risk,Auto Approve
0,0.0083077215,1,Low Risk,Auto Approve
0,0.0013013032,0,Low Risk,Auto Approve
0,0.00012713853,0,Low Risk,Auto Approve
0,0.30711073,31,Medium Risk,Quick Verification
0,0.14680704,15,Low Risk,Auto Approve
0,0.0068064034,1,Low Risk,Auto Approve
0,0.0005487977,0,Low Risk,Auto Approve
0,0.00015422537,0,Low Risk,Auto Approve
0,0.032137185,3,Low Risk,Auto Approve
0,0.0008956216,0,Low Risk,Auto Approve
0,0.073831305,7,Low Risk,Auto Approve
0,0.01636365,2,Low Risk,Auto Approve
0,0.0007081503,0,Low Risk,Auto Approve
1,0.8631853,86,Critical Risk,Fraud Investigation Team
0,0.0010600645,0,Low Risk,Auto Approve
0,0.018013624,2,Low Risk,Auto Approve
0,0.38287178,38,Medium Risk,Quick Verification
0,0.31622714,32,Medium Risk,Quick Verification
0,0.55597365,56,High Risk,Manual Investigation
0,0.00012690222,0,Low Risk,Auto Approve
0,0.008936046,1,Low Risk,Auto Approve
0,0.0013816502,0,Low Risk,Auto Approve
0,0.018585715,2,Low Risk,Auto Approve
0,1.1649372e-05,0,Low Risk,Auto Approve
0,0.4729066,47,Medium Risk,Quick Verification
0,0.0005413742,0,Low Risk,Auto Approve
0,0.6102304,61,High Risk,Manual Investigation
0,0.0011883362,0,Low Risk,Auto Approve
0,0.060586344,6,Low Risk,Auto Approve
0,0.03317792,3,Low Risk,Auto Approve
0,0.0008178152,0,Low Risk,Auto Approve
0,0.010972625,1,Low Risk,Auto Approve
0,0.35849902,36,Medium Risk,Quick Verification
1,0.637136,64,High Risk,Manual Investigation
0,0.0033116087,0,Low Risk,Auto Approve
0,0.7284544,73,High Risk,Manual Investigation
0,0.020890618,2,Low Risk,Auto Approve
1,0.3267257,33,Medium Risk,Quick Verification
0,6.8745234e-05,0,Low Risk,Auto Approve
0,0.42378992,42,Medium Risk,Quick Verification
0,0.00046379794,0,Low Risk,Auto Approve
0,0.65394276,65,High Risk,Manual Investigation
0,0.9221497,92,Critical Risk,Fraud Investigation Team
0,0.00081506226,0,Low Risk,Auto Approve
0,0.017899608,2,Low Risk,Auto Approve
0,0.009086969,1,Low Risk,Auto Approve
0,5.0850733e-05,0,Low Risk,Auto Approve
0,0.19164228,19,Low Risk,Auto Approve
0,0.016814971,2,Low Risk,Auto Approve
0,0.5384416,54,High Risk,Manual Investigation
0,0.0047226865,0,Low Risk,Auto Approve
0,0.76557136,77,Critical Risk,Fraud Investigation Team
0,0.15264913,15,Low Risk,Auto Approve
0,0.01199685,1,Low Risk,Auto Approve
0,0.0063844384,1,Low Risk,Auto Approve
0,0.0054632346,1,Low Risk,Auto Approve
0,0.11438583,11,Low Risk,Auto Approve
0,0.0065567596,1,Low Risk,Auto Approve
0,0.03196006,3,Low Risk,Auto Approve
0,0.00908175,1,Low Risk,Auto Approve
0,0.29050186,29,Medium Risk,Quick Verification
0,0.7678641,77,Critical Risk,Fraud Investigation Team
0,0.0069089266,1,Low Risk,Auto Approve
0,0.2710536,27,Medium Risk,Quick Verification
0,0.5947558,59,High Risk,Manual Investigation
0,0.040362038,4,Low Risk,Auto Approve
0,0.0018532085,0,Low Risk,Auto Approve
0,0.016535006,2,Low Risk,Auto Approve
0,0.024588477,2,Low Risk,Auto Approve
0,0.0871606,9,Low Risk,Auto Approve
0,0.0011218832,0,Low Risk,Auto Approve
0,0.021402294,2,Low Risk,Auto Approve
0,0.061752044,6,Low Risk,Auto Approve
0,0.10795975,11,Low Risk,Auto Approve
0,0.24546537,25,Low Risk,Auto Approve
0,0.008161809,1,Low Risk,Auto Approve
0,0.01587438,2,Low Risk,Auto Approve
0,0.2611814,26,Medium Risk,Quick Verification
0,0.0072546857,1,Low Risk,Auto Approve
0,0.006966361,1,Low Risk,Auto Approve
0,0.005101771,1,Low Risk,Auto Approve
0,0.00011857273,0,Low Risk,Auto Approve
0,0.0030503962,0,Low Risk,Auto Approve
0,0.59712434,60,High Risk,Manual Investigation
0,0.02036333,2,Low Risk,Auto Approve
1,0.78878146,79,Critical Risk,Fraud Investigation Team
0,0.0014779309,0,Low Risk,Auto Approve
0,0.1287624,13,Low Risk,Auto Approve
0,0.5505714,55,High Risk,Manual Investigation
0,0.003654853,0,Low Risk,Auto Approve
0,0.035155308,4,Low Risk,Auto Approve
0,0.46712992,47,Medium Risk,Quick Verification
0,0.6911081,69,High Risk,Manual Investigation
0,0.00010375088,0,Low Risk,Auto Approve
0,0.002090553,0,Low Risk,Auto Approve
0,0.0001639153,0,Low Risk,Auto Approve
0,0.27090788,27,Medium Risk,Quick Verification
0,0.000959805,0,Low Risk,Auto Approve
0,0.0010169607,0,Low Risk,Auto Approve
0,0.2748221,27,Medium Risk,Quick Verification
0,0.00041177624,0,Low Risk,Auto Approve
0,0.09550528,10,Low Risk,Auto Approve
0,0.0069247894,1,Low Risk,Auto Approve
0,0.0074021798,1,Low Risk,Auto Approve
0,0.022954926,2,Low Risk,Auto Approve
0,0.0040694033,0,Low Risk,Auto Approve
0,0.005840592,1,Low Risk,Auto Approve
0,0.20333815,20,Low Risk,Auto Approve
0,0.032321766,3,Low Risk,Auto Approve
0,0.00010606565,0,Low Risk,Auto Approve
0,0.021608839,2,Low Risk,Auto Approve
0,0.020141598,2,Low Risk,Auto Approve
0,0.00092204707,0,Low Risk,Auto Approve
0,0.01819666,2,Low Risk,Auto Approve
0,0.42945984,43,Medium Risk,Quick Verification
0,0.007700244,1,Low Risk,Auto Approve
0,0.6515089,65,High Risk,Manual Investigation
1,0.88317555,88,Critical Risk,Fraud Investigation Team
0,0.82962376,83,Critical Risk,Fraud Investigation Team
0,0.4271639,43,Medium Risk,Quick Verification
0,0.0012064708,0,Low Risk,Auto Approve
0,0.7364669,74,High Risk,Manual Investigation
0,0.28564852,29,Medium Risk,Quick Verification
0,0.13220243,13,Low Risk,Auto Approve
0,0.00044015035,0,Low Risk,Auto Approve
0,0.011061441,1,Low Risk,Auto Approve
0,0.6123631,61,High Risk,Manual Investigation
0,0.084214985,8,Low Risk,Auto Approve
0,0.0065555857,1,Low Risk,Auto Approve
0,0.00015725248,0,Low Risk,Auto Approve
0,0.3621716,36,Medium Risk,Quick Verification
0,0.5614899,56,High Risk,Manual Investigation
0,0.26724735,27,Medium Risk,Quick Verification
0,0.00019069095,0,Low Risk,Auto Approve
0,0.0071033156,1,Low Risk,Auto Approve
0,0.06654168,7,Low Risk,Auto Approve
0,0.042563915,4,Low Risk,Auto Approve
0,0.18470357,18,Low Risk,Auto Approve
0,0.0041403156,0,Low Risk,Auto Approve
0,0.26094353,26,Medium Risk,Quick Verification
0,0.033512723,3,Low Risk,Auto Approve
0,0.00063875417,0,Low Risk,Auto Approve
0,0.0015451103,0,Low Risk,Auto Approve
0,0.0027030304,0,Low Risk,Auto Approve
0,0.16262731,16,Low Risk,Auto Approve
0,0.56200093,56,High Risk,Manual Investigation
0,0.81200683,81,Critical Risk,Fraud Investigation Team
0,0.005328913,1,Low Risk,Auto Approve
0,0.15167987,15,Low Risk,Auto Approve
0,0.030779,3,Low Risk,Auto Approve
0,0.019548066,2,Low Risk,Auto Approve
1,0.5518609,55,High Risk,Manual Investigation
0,0.051405814,5,Low Risk,Auto Approve
0,0.79669374,80,Critical Risk,Fraud Investigation Team
0,0.02162434,2,Low Risk,Auto Approve
1,0.86343485,86,Critical Risk,Fraud Investigation Team
0,0.00053208246,0,Low Risk,Auto Approve
0,0.28694683,29,Medium Risk,Quick Verification
0,0.0025692044,0,Low Risk,Auto Approve
0,0.827371,83,Critical Risk,Fraud Investigation Team
0,0.11675321,12,Low Risk,Auto Approve
0,0.08961168,9,Low Risk,Auto Approve
0,0.00042150836,0,Low Risk,Auto Approve
0,0.72560203,73,High Risk,Manual Investigation
0,0.74068296,74,High Risk,Manual Investigation
0,0.0025874157,0,Low Risk,Auto Approve
0,0.5440444,54,High Risk,Manual Investigation
0,0.024670782,2,Low Risk,Auto Approve
0,0.6346307,63,High Risk,Manual Investigation
0,0.0013616171,0,Low Risk,Auto Approve
0,0.02967907,3,Low Risk,Auto Approve
0,0.30268162,30,Medium Risk,Quick Verification
0,0.83744353,84,Critical Risk,Fraud Investigation Team
0,0.056084085,6,Low Risk,Auto Approve
1,0.6048702,60,High Risk,Manual Investigation
0,0.0058537084,1,Low Risk,Auto Approve
0,0.0021455185,0,Low Risk,Auto Approve
0,0.62068295,62,High Risk,Manual Investigation
0,0.110884316,11,Low Risk,Auto Approve
0,0.0013733892,0,Low Risk,Auto Approve
0,0.0001708459,0,Low Risk,Auto Approve
0,0.1989033,20,Low Risk,Auto Approve
0,0.08191047,8,Low Risk,Auto Approve
0,0.26570857,27,Medium Risk,Quick Verification
0,0.009265579,1,Low Risk,Auto Approve
0,0.07026618,7,Low Risk,Auto Approve
0,0.8125104,81,Critical Risk,Fraud Investigation Team
0,0.10578092,11,Low Risk,Auto Approve
0,0.10950974,11,Low Risk,Auto Approve
0,0.0011114109,0,Low Risk,Auto Approve
0,0.0013802351,0,Low Risk,Auto Approve
0,0.13195266,13,Low Risk,Auto Approve
0,0.123675875,12,Low Risk,Auto Approve
0,0.03303077,3,Low Risk,Auto Approve
0,0.15220487,15,Low Risk,Auto Approve
0,0.03436869,3,Low Risk,Auto Approve
0,0.00087937823,0,Low Risk,Auto Approve
0,0.004114702,0,Low Risk,Auto Approve
0,0.0035163136,0,Low Risk,Auto Approve
0,0.70421064,70,High Risk,Manual Investigation
0,0.0033048089,0,Low Risk,Auto Approve
0,0.5589327,56,High Risk,Manual Investigation
0,0.10217155,10,Low Risk,Auto Approve
0,0.7596128,76,Critical Risk,Fraud Investigation Team
0,0.072673865,7,Low Risk,Auto Approve
0,0.28408656,28,Medium Risk,Quick Verification
0,0.17396109,17,Low Risk,Auto Approve
0,0.00045387243,0,Low Risk,Auto Approve
0,0.092100844,9,Low Risk,Auto Approve
1,0.12314879,12,Low Risk,Auto Approve
0,0.34782076,35,Medium Risk,Quick Verification
0,0.013107404,1,Low Risk,Auto Approve
0,0.007246644,1,Low Risk,Auto Approve
0,0.07506504,8,Low Risk,Auto Approve
0,0.06754612,7,Low Risk,Auto Approve
0,0.45359793,45,Medium Risk,Quick Verification
0,0.03435656,3,Low Risk,Auto Approve
1,0.5069003,51,High Risk,Manual Investigation
0,0.072109826,7,Low Risk,Auto Approve
0,0.33436686,33,Medium Risk,Quick Verification
0,0.019980783,2,Low Risk,Auto Approve
0,0.014253078,1,Low Risk,Auto Approve
0,0.0004929054,0,Low Risk,Auto Approve
0,0.6699858,67,High Risk,Manual Investigation
0,0.018385187,2,Low Risk,Auto Approve
0,0.34981745,35,Medium Risk,Quick Verification
0,0.7512642,75,High Risk,Manual Investigation
0,0.95944107,96,Critical Risk,Fraud Investigation Team
0,0.17283027,17,Low Risk,Auto Approve
0,0.0033593122,0,Low Risk,Auto Approve
0,0.7650327,77,Critical Risk,Fraud Investigation Team
0,0.19031534,19,Low Risk,Auto Approve
0,0.0014179074,0,Low Risk,Auto Approve
0,0.010074111,1,Low Risk,Auto Approve
0,0.529679,53,High Risk,Manual Investigation
0,0.850777,85,Critical Risk,Fraud Investigation Team
0,0.0067670713,1,Low Risk,Auto Approve
0,0.7084448,71,High Risk,Manual Investigation
0,0.21260078,21,Low Risk,Auto Approve
1,0.16761547,17,Low Risk,Auto Approve
0,0.00012314762,0,Low Risk,Auto Approve
0,4.1613923e-05,0,Low Risk,Auto Approve
0,0.003487207,0,Low Risk,Auto Approve
0,0.2645193,26,Medium Risk,Quick Verification
0,0.11456907,11,Low Risk,Auto Approve
0,0.049892876,5,Low Risk,Auto Approve
0,0.013413347,1,Low Risk,Auto Approve
0,0.0124706235,1,Low Risk,Auto Approve
0,0.053182792,5,Low Risk,Auto Approve
0,0.00019393023,0,Low Risk,Auto Approve
0,0.024749752,2,Low Risk,Auto Approve
0,0.012504447,1,Low Risk,Auto Approve
0,0.15634158,16,Low Risk,Auto Approve
0,0.11663794,12,Low Risk,Auto Approve
0,0.6650587,67,High Risk,Manual Investigation
0,5.715565e-05,0,Low Risk,Auto Approve
0,0.0009988543,0,Low Risk,Auto Approve
0,0.008564049,1,Low Risk,Auto Approve
0,0.0073825303,1,Low Risk,Auto Approve
0,0.0003249844,0,Low Risk,Auto Approve
0,0.00011694767,0,Low Risk,Auto Approve
0,0.9087415,91,Critical Risk,Fraud Investigation Team
0,0.002705394,0,Low Risk,Auto Approve
0,0.3956446,40,Medium Risk,Quick Verification
0,0.0021842415,0,Low Risk,Auto Approve
0,0.16899002,17,Low Risk,Auto Approve
0,0.00823565,1,Low Risk,Auto Approve
0,0.36708817,37,Medium Risk,Quick Verification
0,0.002220934,0,Low Risk,Auto Approve
0,0.70355576,70,High Risk,Manual Investigation
0,0.0014161485,0,Low Risk,Auto Approve
0,0.098558925,10,Low Risk,Auto Approve
0,0.3275383,33,Medium Risk,Quick Verification
0,0.12929529,13,Low Risk,Auto Approve
0,0.0012699878,0,Low Risk,Auto Approve
0,0.19107059,19,Low Risk,Auto Approve
0,0.38443556,38,Medium Risk,Quick Verification
0,0.0004425731,0,Low Risk,Auto Approve
0,0.8121616,81,Critical Risk,Fraud Investigation Team
0,0.047627393,5,Low Risk,Auto Approve
0,0.009449581,1,Low Risk,Auto Approve
0,0.0007628331,0,Low Risk,Auto Approve
0,0.0041921814,0,Low Risk,Auto Approve
0,0.7047293,70,High Risk,Manual Investigation
0,0.28926936,29,Medium Risk,Quick Verification
0,0.35194317,35,Medium Risk,Quick Verification
1,0.7421652,74,High Risk,Manual Investigation
0,0.12117999,12,Low Risk,Auto Approve
0,0.116773985,12,Low Risk,Auto Approve
0,0.0009128311,0,Low Risk,Auto Approve
0,0.58831805,59,High Risk,Manual Investigation
0,0.0081821075,1,Low Risk,Auto Approve
0,0.00081360847,0,Low Risk,Auto Approve
0,0.014468018,1,Low Risk,Auto Approve
1,0.92437285,92,Critical Risk,Fraud Investigation Team
0,0.03826046,4,Low Risk,Auto Approve
0,0.011343491,1,Low Risk,Auto Approve
0,0.64376724,64,High Risk,Manual Investigation
0,0.015084617,2,Low Risk,Auto Approve
0,0.00074180233,0,Low Risk,Auto Approve
0,0.00050711475,0,Low Risk,Auto Approve
0,0.015727201,2,Low Risk,Auto Approve
0,0.07732718,8,Low Risk,Auto Approve
0,0.03234211,3,Low Risk,Auto Approve
0,0.0098594595,1,Low Risk,Auto Approve
0,0.018373108,2,Low Risk,Auto Approve
0,0.01246426,1,Low Risk,Auto Approve
0,0.0018099182,0,Low Risk,Auto Approve
0,0.0031471173,0,Low Risk,Auto Approve
0,0.6046335,60,High Risk,Manual Investigation
0,0.009087751,1,Low Risk,Auto Approve
0,0.5887983,59,High Risk,Manual Investigation
0,0.00084071705,0,Low Risk,Auto Approve
0,0.0005061829,0,Low Risk,Auto Approve
0,0.23128523,23,Low Risk,Auto Approve
0,0.004105774,0,Low Risk,Auto Approve
0,0.00086516904,0,Low Risk,Auto Approve
0,0.38489172,38,Medium Risk,Quick Verification
0,0.0047899904,0,Low Risk,Auto Approve
0,0.0046910597,0,Low Risk,Auto Approve
0,0.351566,35,Medium Risk,Quick Verification
0,0.009037123,1,Low Risk,Auto Approve
0,0.074056216,7,Low Risk,Auto Approve
0,0.1099841,11,Low Risk,Auto Approve
0,0.20610972,21,Low Risk,Auto Approve
0,0.0015942142,0,Low Risk,Auto Approve
0,0.015070682,2,Low Risk,Auto Approve
0,0.5771794,58,High Risk,Manual Investigation
0,0.6166235,62,High Risk,Manual Investigation
0,0.1946676,19,Low Risk,Auto Approve
0,0.53380936,53,High Risk,Manual Investigation
0,0.16552426,17,Low Risk,Auto Approve
0,0.017191816,2,Low Risk,Auto Approve
0,0.3748346,37,Medium Risk,Quick Verification
0,0.4223768,42,Medium Risk,Quick Verification
0,0.0013335021,0,Low Risk,Auto Approve
0,0.0033471785,0,Low Risk,Auto Approve
0,0.76814455,77,Critical Risk,Fraud Investigation Team
0,0.0025395502,0,Low Risk,Auto Approve
0,0.0057176817,1,Low Risk,Auto Approve
0,0.737318,74,High Risk,Manual Investigation
0,0.09767245,10,Low Risk,Auto Approve
0,0.1133465,11,Low Risk,Auto Approve
0,0.077531874,8,Low Risk,Auto Approve
0,0.6210068,62,High Risk,Manual Investigation
0,0.004755455,0,Low Risk,Auto Approve
0,0.0021206713,0,Low Risk,Auto Approve
0,0.77880365,78,Critical Risk,Fraud Investigation Team
0,0.0012007905,0,Low Risk,Auto Approve
0,0.00836438,1,Low Risk,Auto Approve
0,0.0028304413,0,Low Risk,Auto Approve
0,0.019910226,2,Low Risk,Auto Approve
0,0.00013153943,0,Low Risk,Auto Approve
0,0.2613866,26,Medium Risk,Quick Verification
0,0.0016956918,0,Low Risk,Auto Approve
0,0.029310513,3,Low Risk,Auto Approve
1,0.79262006,79,Critical Risk,Fraud Investigation Team
0,0.00082397164,0,Low Risk,Auto Approve
0,0.0059825582,1,Low Risk,Auto Approve
0,0.0040595303,0,Low Risk,Auto Approve
0,0.01655966,2,Low Risk,Auto Approve
0,0.004249834,0,Low Risk,Auto Approve
0,0.00017239526,0,Low Risk,Auto Approve
0,0.6159906,62,High Risk,Manual Investigation
0,0.22221082,22,Low Risk,Auto Approve
0,0.03714982,4,Low Risk,Auto Approve
0,0.029801022,3,Low Risk,Auto Approve
0,0.7759376,78,Critical Risk,Fraud Investigation Team
0,0.011340973,1,Low Risk,Auto Approve
1,0.75353503,75,High Risk,Manual Investigation
0,9.7063006e-05,0,Low Risk,Auto Approve
0,0.4385262,44,Medium Risk,Quick Verification
0,6.4275824e-05,0,Low Risk,Auto Approve
0,0.00060006353,0,Low Risk,Auto Approve
0,0.104152694,10,Low Risk,Auto Approve
1,0.7279128,73,High Risk,Manual Investigation
0,0.12902263,13,Low Risk,Auto Approve
0,0.00047991762,0,Low Risk,Auto Approve
0,0.040365975,4,Low Risk,Auto Approve
0,0.0007300906,0,Low Risk,Auto Approve
0,0.13691513,14,Low Risk,Auto Approve
0,0.48939818,49,Medium Risk,Quick Verification
0,0.6971088,70,High Risk,Manual Investigation
0,0.018909879,2,Low Risk,Auto Approve
0,0.053041402,5,Low Risk,Auto Approve
0,0.42612574,43,Medium Risk,Quick Verification
0,0.4968964,50,Medium Risk,Quick Verification
0,0.20395708,20,Low Risk,Auto Approve
0,0.00031182135,0,Low Risk,Auto Approve
0,0.06990593,7,Low Risk,Auto Approve
0,0.74778587,75,High Risk,Manual Investigation
0,0.06433779,6,Low Risk,Auto Approve
0,0.008390477,1,Low Risk,Auto Approve
0,0.056461222,6,Low Risk,Auto Approve
0,0.08377834,8,Low Risk,Auto Approve
0,0.00070721627,0,Low Risk,Auto Approve
1,0.22605991,23,Low Risk,Auto Approve
0,0.097740464,10,Low Risk,Auto Approve
0,0.020089889,2,Low Risk,Auto Approve
0,0.46918744,47,Medium Risk,Quick Verification
0,0.0017203694,0,Low Risk,Auto Approve
0,0.0018902671,0,Low Risk,Auto Approve
0,0.001711256,0,Low Risk,Auto Approve
0,0.06316277,6,Low Risk,Auto Approve
0,0.8528455,85,Critical Risk,Fraud Investigation Team
0,0.52646255,53,High Risk,Manual Investigation
1,0.57135874,57,High Risk,Manual Investigation
0,0.0063937805,1,Low Risk,Auto Approve
0,0.0021580604,0,Low Risk,Auto Approve
1,0.08562627,9,Low Risk,Auto Approve
0,0.0018174709,0,Low Risk,Auto Approve
0,0.035120666,4,Low Risk,Auto Approve
0,0.058871306,6,Low Risk,Auto Approve
0,0.32949525,33,Medium Risk,Quick Verification
0,0.0015561242,0,Low Risk,Auto Approve
0,0.0033912899,0,Low Risk,Auto Approve
0,0.012562712,1,Low Risk,Auto Approve
0,0.7301103,73,High Risk,Manual Investigation
0,0.0018880949,0,Low Risk,Auto Approve
0,0.21437639,21,Low Risk,Auto Approve
0,0.0014362651,0,Low Risk,Auto Approve
0,0.44356608,44,Medium Risk,Quick Verification
0,0.3655212,37,Medium Risk,Quick Verification
0,0.00071053323,0,Low Risk,Auto Approve
0,0.03798301,4,Low Risk,Auto Approve
0,0.00035118742,0,Low Risk,Auto Approve
0,0.028615532,3,Low Risk,Auto Approve
0,0.061825454,6,Low Risk,Auto Approve
0,0.00019310304,0,Low Risk,Auto Approve
1,0.1586754,16,Low Risk,Auto Approve
0,0.014429004,1,Low Risk,Auto Approve
0,0.8293267,83,Critical Risk,Fraud Investigation Team
0,0.09889869,10,Low Risk,Auto Approve
0,0.009856802,1,Low Risk,Auto Approve
0,0.81822866,82,Critical Risk,Fraud Investigation Team
1,0.002965116,0,Low Risk,Auto Approve
0,0.025190564,3,Low Risk,Auto Approve
0,0.74314296,74,High Risk,Manual Investigation
0,0.0039265705,0,Low Risk,Auto Approve
0,0.029238053,3,Low Risk,Auto Approve
0,0.046760704,5,Low Risk,Auto Approve
0,0.058080234,6,Low Risk,Auto Approve
0,0.07650288,8,Low Risk,Auto Approve
0,0.00071096804,0,Low Risk,Auto Approve
0,0.00021786263,0,Low Risk,Auto Approve
0,0.027032694,3,Low Risk,Auto Approve
0,0.27552277,28,Medium Risk,Quick Verification
0,0.0012260444,0,Low Risk,Auto Approve
0,0.20130555,20,Low Risk,Auto Approve
0,0.13550925,14,Low Risk,Auto Approve
0,0.5923561,59,High Risk,Manual Investigation
0,0.0027630867,0,Low Risk,Auto Approve
0,0.40736166,41,Medium Risk,Quick Verification
0,0.7259554,73,High Risk,Manual Investigation
0,0.07313566,7,Low Risk,Auto Approve
0,0.03830503,4,Low Risk,Auto Approve
0,0.0023218135,0,Low Risk,Auto Approve
0,0.3722331,37,Medium Risk,Quick Verification
0,0.05626376,6,Low Risk,Auto Approve
0,0.5138506,51,High Risk,Manual Investigation
0,0.0036783603,0,Low Risk,Auto Approve
0,0.0011086187,0,Low Risk,Auto Approve
0,0.0006135248,0,Low Risk,Auto Approve
0,0.014121273,1,Low Risk,Auto Approve
0,0.0025075697,0,Low Risk,Auto Approve
0,0.0017756129,0,Low Risk,Auto Approve
0,0.9554493,96,Critical Risk,Fraud Investigation Team
0,0.8363422,84,Critical Risk,Fraud Investigation Team
0,0.0105148535,1,Low Risk,Auto Approve
0,0.0011622654,0,Low Risk,Auto Approve
0,0.00035443043,0,Low Risk,Auto Approve
0,0.4019102,40,Medium Risk,Quick Verification
0,0.002920098,0,Low Risk,Auto Approve
0,0.001681622,0,Low Risk,Auto Approve
0,0.0014376314,0,Low Risk,Auto Approve
0,0.08063417,8,Low Risk,Auto Approve
0,0.77826464,78,Critical Risk,Fraud Investigation Team
1,0.79378754,79,Critical Risk,Fraud Investigation Team
0,0.00017110299,0,Low Risk,Auto Approve
0,0.00044594496,0,Low Risk,Auto Approve
0,0.6214367,62,High Risk,Manual Investigation
0,0.019255364,2,Low Risk,Auto Approve
0,0.15658668,16,Low Risk,Auto Approve
0,0.43173483,43,Medium Risk,Quick Verification
0,0.2092201,21,Low Risk,Auto Approve
0,0.3021463,30,Medium Risk,Quick Verification
0,0.44947183,45,Medium Risk,Quick Verification
0,0.4060008,41,Medium Risk,Quick Verification
0,0.6985124,70,High Risk,Manual Investigation
1,0.74396896,74,High Risk,Manual Investigation
0,0.5046787,50,Medium Risk,Quick Verification
0,0.11741526,12,Low Risk,Auto Approve
0,0.032447886,3,Low Risk,Auto Approve
0,0.021263473,2,Low Risk,Auto Approve
1,0.09988901,10,Low Risk,Auto Approve
0,0.28008717,28,Medium Risk,Quick Verification
0,0.26711732,27,Medium Risk,Quick Verification
0,0.00042904646,0,Low Risk,Auto Approve
0,0.10920178,11,Low Risk,Auto Approve
0,0.055921555,6,Low Risk,Auto Approve
0,0.30700988,31,Medium Risk,Quick Verification
0,0.35127446,35,Medium Risk,Quick Verification
0,0.00020824374,0,Low Risk,Auto Approve
0,0.4651537,47,Medium Risk,Quick Verification
0,0.4359147,44,Medium Risk,Quick Verification
0,0.004492533,0,Low Risk,Auto Approve
1,0.90266454,90,Critical Risk,Fraud Investigation Team
0,0.000258173,0,Low Risk,Auto Approve
0,0.00012851023,0,Low Risk,Auto Approve
0,0.031444155,3,Low Risk,Auto Approve
0,0.1499659,15,Low Risk,Auto Approve
0,0.002501529,0,Low Risk,Auto Approve
0,0.65051246,65,High Risk,Manual Investigation
0,0.00037300625,0,Low Risk,Auto Approve
0,0.00017089673,0,Low Risk,Auto Approve
0,0.23495626,23,Low Risk,Auto Approve
0,0.7962464,80,Critical Risk,Fraud Investigation Team
1,0.92140555,92,Critical Risk,Fraud Investigation Team
0,0.17154479,17,Low Risk,Auto Approve
0,0.0029984927,0,Low Risk,Auto Approve
0,0.42067462,42,Medium Risk,Quick Verification
0,0.07626261,8,Low Risk,Auto Approve
0,0.0028980565,0,Low Risk,Auto Approve
0,0.38379696,38,Medium Risk,Quick Verification
0,0.20569399,21,Low Risk,Auto Approve
0,0.003083616,0,Low Risk,Auto Approve
0,0.00080150674,0,Low Risk,Auto Approve
0,0.4726869,47,Medium Risk,Quick Verification
1,0.83755547,84,Critical Risk,Fraud Investigation Team
0,0.2893729,29,Medium Risk,Quick Verification
0,0.0011362458,0,Low Risk,Auto Approve
0,0.04059083,4,Low Risk,Auto Approve
0,0.011293248,1,Low Risk,Auto Approve
0,0.26654363,27,Medium Risk,Quick Verification
0,0.24994831,25,Low Risk,Auto Approve
0,0.6350229,64,High Risk,Manual Investigation
0,0.27925858,28,Medium Risk,Quick Verification
0,0.31586185,32,Medium Risk,Quick Verification
1,0.62561613,63,High Risk,Manual Investigation
0,0.1730611,17,Low Risk,Auto Approve
0,0.0038361736,0,Low Risk,Auto Approve
0,0.0004974012,0,Low Risk,Auto Approve
0,0.23344232,23,Low Risk,Auto Approve
0,0.114281505,11,Low Risk,Auto Approve
0,6.046666e-05,0,Low Risk,Auto Approve
0,0.08318631,8,Low Risk,Auto Approve
0,0.19828646,20,Low Risk,Auto Approve
0,0.61052907,61,High Risk,Manual Investigation
0,0.016894372,2,Low Risk,Auto Approve
0,0.08861605,9,Low Risk,Auto Approve
0,0.0053281453,1,Low Risk,Auto Approve
0,0.012193972,1,Low Risk,Auto Approve
0,0.005214065,1,Low Risk,Auto Approve
0,0.07827149,8,Low Risk,Auto Approve
0,0.0037814553,0,Low Risk,Auto Approve
0,0.0007705747,0,Low Risk,Auto Approve
0,0.19179998,19,Low Risk,Auto Approve
0,0.0852599,9,Low Risk,Auto Approve
0,0.0018445266,0,Low Risk,Auto Approve
0,0.0008490599,0,Low Risk,Auto Approve
0,0.48809257,49,Medium Risk,Quick Verification
0,0.0027692954,0,Low Risk,Auto Approve
0,0.0012364644,0,Low Risk,Auto Approve
0,0.0027798857,0,Low Risk,Auto Approve
0,0.23557809,24,Low Risk,Auto Approve
0,0.009407376,1,Low Risk,Auto Approve
0,0.6220591,62,High Risk,Manual Investigation
0,0.00022462104,0,Low Risk,Auto Approve
1,0.53600514,54,High Risk,Manual Investigation
0,0.00082081504,0,Low Risk,Auto Approve
0,0.029859144,3,Low Risk,Auto Approve
0,0.06659899,7,Low Risk,Auto Approve
0,0.089267045,9,Low Risk,Auto Approve
0,0.03914451,4,Low Risk,Auto Approve
0,0.64675695,65,High Risk,Manual Investigation
1,0.70389473,70,High Risk,Manual Investigation
0,0.85962814,86,Critical Risk,Fraud Investigation Team
0,0.113628514,11,Low Risk,Auto Approve
1,0.84740067,85,Critical Risk,Fraud Investigation Team
0,0.00040759743,0,Low Risk,Auto Approve
0,0.095211394,10,Low Risk,Auto Approve
0,0.008359589,1,Low Risk,Auto Approve
0,0.04060811,4,Low Risk,Auto Approve
1,0.75488704,75,High Risk,Manual Investigation
0,0.099989586,10,Low Risk,Auto Approve
0,0.005985471,1,Low Risk,Auto Approve
0,0.17123017,17,Low Risk,Auto Approve
0,0.012355689,1,Low Risk,Auto Approve
0,0.4428283,44,Medium Risk,Quick Verification
0,0.64042735,64,High Risk,Manual Investigation
0,0.70561594,71,High Risk,Manual Investigation
0,0.007878462,1,Low Risk,Auto Approve
0,0.009207212,1,Low Risk,Auto Approve
0,0.42255408,42,Medium Risk,Quick Verification
0,0.00049242424,0,Low Risk,Auto Approve
0,0.49251732,49,Medium Risk,Quick Verification
0,0.5365554,54,High Risk,Manual Investigation
0,0.027973678,3,Low Risk,Auto Approve
1,0.4926766,49,Medium Risk,Quick Verification
0,0.029901316,3,Low Risk,Auto Approve
0,0.016386677,2,Low Risk,Auto Approve
0,0.18952435,19,Low Risk,Auto Approve
0,0.037024695,4,Low Risk,Auto Approve
0,0.13389789,13,Low Risk,Auto Approve
0,0.10225914,10,Low Risk,Auto Approve
0,0.00038629075,0,Low Risk,Auto Approve
0,0.03040168,3,Low Risk,Auto Approve
0,0.001403342,0,Low Risk,Auto Approve
1,0.66967344,67,High Risk,Manual Investigation
0,0.0021282681,0,Low Risk,Auto Approve
0,0.0054692044,1,Low Risk,Auto Approve
0,0.01513492,2,Low Risk,Auto Approve
0,0.6887788,69,High Risk,Manual Investigation
0,0.0011500228,0,Low Risk,Auto Approve
0,0.1936643,19,Low Risk,Auto Approve
0,0.15444542,15,Low Risk,Auto Approve
0,0.0033097034,0,Low Risk,Auto Approve
0,0.06686717,7,Low Risk,Auto Approve
0,0.024322832,2,Low Risk,Auto Approve
0,0.2812187,28,Medium Risk,Quick Verification
0,0.06706622,7,Low Risk,Auto Approve
0,0.007189958,1,Low Risk,Auto Approve
0,0.13529697,14,Low Risk,Auto Approve
0,0.5314159,53,High Risk,Manual Investigation
1,0.5561186,56,High Risk,Manual Investigation
0,0.0029712543,0,Low Risk,Auto Approve
0,0.008743731,1,Low Risk,Auto Approve
0,0.001550373,0,Low Risk,Auto Approve
0,0.003010392,0,Low Risk,Auto Approve
0,0.09384315,9,Low Risk,Auto Approve
0,0.16024914,16,Low Risk,Auto Approve
0,0.004668631,0,Low Risk,Auto Approve
0,0.0012033823,0,Low Risk,Auto Approve
0,0.78382593,78,Critical Risk,Fraud Investigation Team
0,0.0122799305,1,Low Risk,Auto Approve
0,0.0002851659,0,Low Risk,Auto Approve
0,0.940614,94,Critical Risk,Fraud Investigation Team
0,0.026106473,3,Low Risk,Auto Approve
0,0.004442393,0,Low Risk,Auto Approve
0,0.0007679233,0,Low Risk,Auto Approve
0,0.0032175835,0,Low Risk,Auto Approve
0,0.47444886,47,Medium Risk,Quick Verification
0,0.092685215,9,Low Risk,Auto Approve
0,0.00013811955,0,Low Risk,Auto Approve
0,0.0055075213,1,Low Risk,Auto Approve
0,0.46400863,46,Medium Risk,Quick Verification
0,0.00015641772,0,Low Risk,Auto Approve
0,0.24942783,25,Low Risk,Auto Approve
1,0.32211977,32,Medium Risk,Quick Verification
0,0.0061407024,1,Low Risk,Auto Approve
0,0.01729088,2,Low Risk,Auto Approve
